questionId,catalogVersion,sourceCatalogVersion,language,countryProfile,chapterNumber,chapterTitle,sectionTitle,itemNumber,questionText,buildingSystem,component,inspectionArea,answerType,normReference,capexRelevant,evidenceRelevant,findingRelevant,assessmentRelevant,recommendationRelevant,decisionRelevant,reportRelevant,uploadRelevant,sourcePage,sourceConfidence,reviewStatus
DE-TDD-02-001,2.7.0,0.1.0,de,germany_residential,02,Außenbereich & Grundstück,Zugang / Einfriedung,01,"Zaun: Standsicherheit, Beschädigungen, Korrosion",site_external,fence,access_enclosure,checklist_rating,,True,True,True,True,False,False,False,True,6,high,draft
DE-TDD-02-002,2.7.0,0.1.0,de,germany_residential,02,Außenbereich & Grundstück,Zugang / Einfriedung,02,"Eingangstor / Hoftor: Funktion, Sicherheit",site_external,gate,access_enclosure,checklist_rating,,True,True,True,True,False,False,False,True,6,high,draft
DE-TDD-02-003,2.7.0,0.1.0,de,germany_residential,02,Außenbereich & Grundstück,Zugang / Einfriedung,03,"Briefkastenanlage: Zustand, DIN-konform",site_external,mailbox_system,access_enclosure,checklist_rating,DIN EN 13724,True,True,True,True,False,False,False,True,6,high,draft
DE-TDD-02-004,2.7.0,0.1.0,de,germany_residential,02,Außenbereich & Grundstück,Zugang / Einfriedung,04,Hausnummer sichtbar und beleuchtet,site_external,house_number,access_enclosure,checklist_rating,LBO,False,True,True,True,False,False,False,True,6,high,draft
DE-TDD-02-007,2.7.0,0.1.0,de,germany_residential,02,Außenbereich & Grundstück,Außenanlagen,07,"Gehwege: Stolperkanten, Gefälle, Frostschäden",site_external,walkways,external_surfaces,checklist_rating,DIN 18318,True,True,True,True,False,False,False,True,7,high,draft
DE-TDD-02-005,2.7.0,0.2.0,de,germany_residential,02,Außenbereich & Grundstück,Zugang / Einfriedung,05,Klingel- / Sprechanlage funktionsfähig,site_external,intercom_bell_system,access_enclosure,checklist_rating,,True,True,True,True,False,False,False,True,6,high,draft
DE-TDD-02-006,2.7.0,0.2.0,de,germany_residential,02,Außenbereich & Grundstück,Außenanlagen,06,"Zufahrt / Stellplätze: Belag, Setzungen, Rissbildung",site_external,driveway_parking,external_surfaces,checklist_rating,,True,True,True,True,False,False,False,True,7,high,draft
DE-TDD-02-008,2.7.0,0.2.0,de,germany_residential,02,Außenbereich & Grundstück,Außenanlagen,08,"Treppen außen: Trittsicherheit, Geländerhöhe ≥ 90 cm",site_external,external_stairs,external_surfaces,checklist_rating,DIN 18065,True,True,True,True,False,False,False,True,7,high,draft
DE-TDD-02-009,2.7.0,0.2.0,de,germany_residential,02,Außenbereich & Grundstück,Außenanlagen,09,"Terrasse: Belag, Gefälle vom Haus weg ≥ 2 %",site_external,terrace,external_surfaces,checklist_rating,DIN 18531-5 / Flachdach-RL,True,True,True,True,False,False,False,True,7,high,draft
DE-TDD-02-010,2.7.0,0.2.0,de,germany_residential,02,Außenbereich & Grundstück,Außenanlagen,10,"Carport / Garage: Standsicherheit, Dach, Tor",site_external,carport_garage,external_structures,checklist_rating,,True,True,True,True,False,False,False,True,7,high,draft
DE-TDD-02-011,2.7.0,0.2.0,de,germany_residential,02,Außenbereich & Grundstück,Außenanlagen,11,"Müllstandsplatz, Fahrradabstellplatz",site_external,waste_bicycle_storage,external_facilities,checklist_rating,LBO,False,True,True,True,False,False,False,True,7,high,draft
DE-TDD-02-012,2.7.0,0.2.0,de,germany_residential,02,Außenbereich & Grundstück,Entwässerung Gelände,12,Geländegefälle vom Gebäude weg (≥ 2 %),site_external,site_gradient,site_drainage,checklist_rating,DIN 18533,True,True,True,True,False,False,False,True,8,high,draft
DE-TDD-02-013,2.7.0,0.2.0,de,germany_residential,02,Außenbereich & Grundstück,Entwässerung Gelände,13,"Hofablauf, Entwässerungsrinnen: Funktion, frei",site_external,yard_drain_channels,site_drainage,checklist_rating,DIN EN 1253,True,True,True,True,False,False,False,True,8,high,draft
DE-TDD-02-014,2.7.0,0.2.0,de,germany_residential,02,Außenbereich & Grundstück,Entwässerung Gelände,14,Versickerungsanlage / Rigole vorhanden,site_external,infiltration_trench,site_drainage,checklist_rating,DWA-A 138,True,True,True,True,False,False,False,True,8,high,draft
DE-TDD-02-015,2.7.0,0.2.0,de,germany_residential,02,Außenbereich & Grundstück,Entwässerung Gelände,15,Regenwasseranschluss / Trennsystem geprüft,site_external,rainwater_connection,site_drainage,checklist_rating,,True,True,True,True,False,False,False,True,8,high,draft
DE-TDD-02-016,2.7.0,0.2.0,de,germany_residential,02,Außenbereich & Grundstück,Entwässerung Gelände,16,Drainage am Gebäude (Sichtprüfung Revisionsschacht),site_external,building_drainage,site_drainage,checklist_rating,DIN 4095,True,True,True,True,False,False,False,True,8,high,draft
DE-TDD-02-017,2.7.0,0.2.0,de,germany_residential,02,Außenbereich & Grundstück,Bewuchs und Vegetation,17,Abstand Bäume zum Gebäude (Wurzeldruck),site_external,tree_distance,vegetation,checklist_rating,,True,True,True,True,False,False,False,True,9,high,draft
DE-TDD-02-018,2.7.0,0.2.0,de,germany_residential,02,Außenbereich & Grundstück,Bewuchs und Vegetation,18,Efeu / Wilder Wein an Fassade (Putzschäden),site_external,climbing_plants_facade,vegetation,checklist_rating,,True,True,True,True,False,False,False,True,9,high,draft
DE-TDD-02-019,2.7.0,0.2.0,de,germany_residential,02,Außenbereich & Grundstück,Bewuchs und Vegetation,19,"Bewuchs auf Dach, in Rinne, im Sockelbereich",site_external,vegetation_roof_gutter_plinth,vegetation,checklist_rating,,True,True,True,True,False,False,False,True,9,high,draft
DE-TDD-02-020,2.7.0,0.2.0,de,germany_residential,02,Außenbereich & Grundstück,Bewuchs und Vegetation,20,Hecken / Sträucher: Mindestabstand zur Wand ≥ 50 cm,site_external,shrubs_wall_distance,vegetation,checklist_rating,,True,True,True,True,False,False,False,True,9,high,draft
DE-TDD-02-021,2.7.0,0.2.0,de,germany_residential,02,Außenbereich & Grundstück,Bewuchs und Vegetation,21,Wurzelschäden an Wegen / Belägen sichtbar,site_external,root_damage_surfaces,vegetation,checklist_rating,,True,True,True,True,False,False,False,True,9,high,draft
DE-TDD-02-022,2.7.0,0.2.0,de,germany_residential,02,Außenbereich & Grundstück,Nachbarschaft / Grenze,22,Grenzbebauung erkennbar / dokumentiert,site_external,boundary_building,neighbour_boundary,checklist_rating,LBO,False,True,True,True,False,False,False,True,9,high,draft
DE-TDD-02-023,2.7.0,0.2.0,de,germany_residential,02,Außenbereich & Grundstück,Nachbarschaft / Grenze,23,Überhängende Äste / Nachbargrenze,site_external,overhanging_branches,neighbour_boundary,checklist_rating,BGB § 910,False,True,True,True,False,False,False,True,10,high,draft
DE-TDD-02-024,2.7.0,0.2.0,de,germany_residential,02,Außenbereich & Grundstück,Nachbarschaft / Grenze,24,"Stützmauern: Standsicherheit, Risse",site_external,retaining_walls,neighbour_boundary,checklist_rating,DIN 1054,True,True,True,True,False,False,False,True,10,high,draft
DE-TDD-02-025,2.7.0,0.2.0,de,germany_residential,02,Außenbereich & Grundstück,Nachbarschaft / Grenze,25,Geländeniveau Nachbar (Hochwassergefahr?),site_external,neighbour_ground_level,neighbour_boundary,checklist_rating,,True,True,True,True,False,False,False,True,10,high,draft
DE-TDD-03-001,2.7.0,0.3.0,de,germany_residential,03,Dach & Dachentwässerung,Dachtragwerk (von innen),01,"Sparren: Schadbilder, Verformungen, Risse",roof,rafters,roof_structure_internal,checklist_rating,DIN EN 1995 (EC 5),True,True,True,True,False,False,False,True,11,high,draft
DE-TDD-03-002,2.7.0,0.3.0,de,germany_residential,03,Dach & Dachentwässerung,Dachtragwerk (von innen),02,Pfetten / Stützen: Standsicherheit,roof,purlins_posts,roof_structure_internal,checklist_rating,DIN EN 1995,True,True,True,True,False,False,False,True,11,high,draft
DE-TDD-03-003,2.7.0,0.3.0,de,germany_residential,03,Dach & Dachentwässerung,Dachtragwerk (von innen),03,Holzfeuchte (max. 20 %),roof,timber_moisture,roof_structure_internal,checklist_rating,DIN 68800,True,True,True,True,False,False,False,True,11,high,draft
DE-TDD-03-004,2.7.0,0.3.0,de,germany_residential,03,Dach & Dachentwässerung,Dachtragwerk (von innen),04,"Schädlingsbefall (Hausbock, Anobien, Pilze)",roof,timber_pests_fungi,roof_structure_internal,checklist_rating,DIN 68800-4,True,True,True,True,False,False,False,True,11,high,draft
DE-TDD-03-005,2.7.0,0.3.0,de,germany_residential,03,Dach & Dachentwässerung,Dachtragwerk (von innen),05,"Verbindungsmittel: Korrosion, Lockerung",roof,fasteners_connections,roof_structure_internal,checklist_rating,,True,True,True,True,False,False,False,True,11,high,draft
DE-TDD-03-006,2.7.0,0.3.0,de,germany_residential,03,Dach & Dachentwässerung,Dachtragwerk (von innen),06,Aussteifung / Windrispenbänder vorhanden,roof,bracing_wind_bracing,roof_structure_internal,checklist_rating,,True,True,True,True,False,False,False,True,12,high,draft
DE-TDD-03-007,2.7.0,0.3.0,de,germany_residential,03,Dach & Dachentwässerung,Dacheindeckung,07,Eindeckungsmaterial (Ziegel / Beton / Schiefer / Metall),roof,roof_covering_material,roof_covering,checklist_rating,,True,True,True,True,False,False,False,True,12,high,draft
DE-TDD-03-008,2.7.0,0.3.0,de,germany_residential,03,Dach & Dachentwässerung,Dacheindeckung,08,Beschädigte / verrutschte / fehlende Steine,roof,damaged_missing_tiles,roof_covering,checklist_rating,ZVDH-Fachregeln,True,True,True,True,False,False,False,True,12,high,draft
DE-TDD-03-009,2.7.0,0.3.0,de,germany_residential,03,Dach & Dachentwässerung,Dacheindeckung,09,Moos- / Algenbewuchs (Hinweis auf Alter),roof,moss_algae_growth,roof_covering,checklist_rating,,True,True,True,True,False,False,False,True,12,high,draft
DE-TDD-03-010,2.7.0,0.3.0,de,germany_residential,03,Dach & Dachentwässerung,Dacheindeckung,10,"Firstziegel: Befestigung, Verstrich / Trockenfirst",roof,ridge_tiles,roof_covering,checklist_rating,ZVDH,True,True,True,True,False,False,False,True,12,high,draft
DE-TDD-03-011,2.7.0,0.3.0,de,germany_residential,03,Dach & Dachentwässerung,Dacheindeckung,11,"Ortgang: Anschluss, Windsogsicherung",roof,verge_wind_suction,roof_covering,checklist_rating,DIN EN 1991-1-4,True,True,True,True,False,False,False,True,12,high,draft
DE-TDD-03-012,2.7.0,0.3.0,de,germany_residential,03,Dach & Dachentwässerung,Dacheindeckung,12,"Traufausbildung, Spatzenschutz",roof,eaves_bird_protection,roof_covering,checklist_rating,,True,True,True,True,False,False,False,True,13,high,draft
DE-TDD-03-013,2.7.0,0.3.0,de,germany_residential,03,Dach & Dachentwässerung,Dacheindeckung,13,Schneefanggitter (je nach Schneelastzone),roof,snow_guard,roof_covering,checklist_rating,DIN EN 1991-1-3,True,True,True,True,False,False,False,True,13,high,draft
DE-TDD-03-014,2.7.0,0.3.0,de,germany_residential,03,Dach & Dachentwässerung,Dacheindeckung,14,"Dachflächenfenster: Eindichtung, Funktion",roof,roof_window_sealing,roof_openings,checklist_rating,,True,True,True,True,False,False,False,True,13,high,draft
DE-TDD-03-015,2.7.0,0.3.0,de,germany_residential,03,Dach & Dachentwässerung,Unterdeckung / Unterspannbahn / Dampfbremse,15,Unterdeckung regensicher ausgebildet?,roof,sarking_rainproof,roof_underlay_vapour_control,checklist_rating,ZVDH / DIN 4108-3,True,True,True,True,False,False,False,True,13,high,draft
DE-TDD-03-016,2.7.0,0.3.0,de,germany_residential,03,Dach & Dachentwässerung,Unterdeckung / Unterspannbahn / Dampfbremse,16,Unterspannbahn intakt (von innen sichtbar),roof,underlay_membrane,roof_underlay_vapour_control,checklist_rating,DIN 4108-3,True,True,True,True,False,False,False,True,13,high,draft
DE-TDD-03-017,2.7.0,0.3.0,de,germany_residential,03,Dach & Dachentwässerung,Unterdeckung / Unterspannbahn / Dampfbremse,17,Thermische Schäden / UV-Schäden an Unterspannbahn,roof,underlay_uv_damage,roof_underlay_vapour_control,checklist_rating,,True,True,True,True,False,False,False,True,13,high,draft
DE-TDD-03-018,2.7.0,0.3.0,de,germany_residential,03,Dach & Dachentwässerung,Unterdeckung / Unterspannbahn / Dampfbremse,18,Dampfbremse luftdicht verklebt,roof,vapour_barrier_air_tightness,roof_underlay_vapour_control,checklist_rating,DIN 4108-7,True,True,True,True,False,False,False,True,14,high,draft
DE-TDD-03-019,2.7.0,0.3.0,de,germany_residential,03,Dach & Dachentwässerung,Unterdeckung / Unterspannbahn / Dampfbremse,19,Konterlattung vorhanden / Hinterlüftung,roof,counter_battens_ventilation,roof_underlay_vapour_control,checklist_rating,,True,True,True,True,False,False,False,True,14,high,draft
DE-TDD-03-020,2.7.0,0.3.0,de,germany_residential,03,Dach & Dachentwässerung,Unterdeckung / Unterspannbahn / Dampfbremse,20,Hinweise auf Kondensatbildung im Dachraum,roof,condensation_roof_space,roof_underlay_vapour_control,checklist_rating,DIN 4108-3,True,True,True,True,False,False,False,True,14,high,draft
DE-TDD-03-021,2.7.0,0.3.0,de,germany_residential,03,Dach & Dachentwässerung,Unterdeckung / Unterspannbahn / Dampfbremse,21,Spuren von Feuchteintrag / Wasserränder,roof,water_ingress_marks,roof_underlay_vapour_control,checklist_rating,,True,True,True,True,False,False,False,True,14,high,draft
DE-TDD-03-022,2.7.0,0.3.0,de,germany_residential,03,Dach & Dachentwässerung,Dachentwässerung,22,"Rinnen: Material, Korrosion, Verformung",roof,gutters_material_corrosion,roof_drainage,checklist_rating,DIN EN 612,True,True,True,True,False,False,False,True,14,high,draft
DE-TDD-03-023,2.7.0,0.3.0,de,germany_residential,03,Dach & Dachentwässerung,Dachentwässerung,23,Rinnen frei von Laub / Verstopfung,roof,gutters_blockage,roof_drainage,checklist_rating,,True,True,True,True,False,False,False,True,14,high,draft
DE-TDD-03-024,2.7.0,0.3.0,de,germany_residential,03,Dach & Dachentwässerung,Dachentwässerung,24,"Rinnenhalter, Befestigung, Gefälle (1–3 ‰)",roof,gutter_brackets_gradient,roof_drainage,checklist_rating,DIN EN 12056-3,True,True,True,True,False,False,False,True,15,high,draft
DE-TDD-03-025,2.7.0,0.3.0,de,germany_residential,03,Dach & Dachentwässerung,Dachentwässerung,25,"Fallrohre: Anzahl, Querschnitt, Dichtigkeit",roof,downpipes,roof_drainage,checklist_rating,DIN EN 12056,True,True,True,True,False,False,False,True,15,high,draft
DE-TDD-03-026,2.7.0,0.3.0,de,germany_residential,03,Dach & Dachentwässerung,Dachentwässerung,26,Anschluss Fallrohr an Entwässerung,roof,downpipe_drainage_connection,roof_drainage,checklist_rating,,True,True,True,True,False,False,False,True,15,high,draft
DE-TDD-03-027,2.7.0,0.3.0,de,germany_residential,03,Dach & Dachentwässerung,Dachentwässerung,27,Notüberlauf bei Flachdach vorhanden,roof,emergency_overflow_flat_roof,roof_drainage,checklist_rating,DIN 18531 / Flachdach-RL,True,True,True,True,False,False,False,True,15,high,draft
DE-TDD-03-028,2.7.0,0.3.0,de,germany_residential,03,Dach & Dachentwässerung,Schornstein / Durchdringungen,28,"Schornsteinkopf: Putz, Verfugung, Abdeckung",roof,chimney_head,chimney_penetrations,checklist_rating,,True,True,True,True,False,False,False,True,15,high,draft
DE-TDD-03-029,2.7.0,0.3.0,de,germany_residential,03,Dach & Dachentwässerung,Schornstein / Durchdringungen,29,Anschluss Schornstein an Dach (Verwahrung / Kehle),roof,chimney_roof_flashing,chimney_penetrations,checklist_rating,ZVDH,True,True,True,True,False,False,False,True,15,high,draft
DE-TDD-03-036,2.7.0,0.3.0,de,germany_residential,03,Dach & Dachentwässerung,PV-Anlage / Dachdurchdringungen,36,Brandschutzkonzept / Feuerwehrschalter,roof,pv_fire_safety_switch,pv_roof_installation,checklist_rating,VDE-AR-E 2100-712,True,True,True,True,False,False,False,True,17,high,draft
DE-TDD-03-037,2.7.0,0.3.0,de,germany_residential,03,Dach & Dachentwässerung,PV-Anlage / Dachdurchdringungen,37,Statik Dachtragwerk für PV nachgewiesen,roof,pv_structural_roof_verification,pv_roof_installation,checklist_rating,DIN EN 1991,True,True,True,True,False,False,False,True,17,high,draft
DE-TDD-03-038,2.7.0,0.3.0,de,germany_residential,03,Dach & Dachentwässerung,Gauben / Dachfenster,38,"Gaubenkonstruktion: Anschlüsse, Verblechung",roof,dormer_connections_flashings,dormers_roof_windows,checklist_rating,,True,True,True,True,False,False,False,True,17,high,draft
DE-TDD-03-039,2.7.0,0.3.0,de,germany_residential,03,Dach & Dachentwässerung,Gauben / Dachfenster,39,"Gaubenfenster: Funktion, Dichtigkeit",roof,dormer_window_function_sealing,dormers_roof_windows,checklist_rating,,True,True,True,True,False,False,False,True,17,high,draft
DE-TDD-03-040,2.7.0,0.3.0,de,germany_residential,03,Dach & Dachentwässerung,Gauben / Dachfenster,40,"Dachfenster: Eindichtungsrahmen, Beschläge",roof,roof_window_flashing_fittings,dormers_roof_windows,checklist_rating,,True,True,True,True,False,False,False,True,17,high,draft
DE-TDD-03-041,2.7.0,0.3.0,de,germany_residential,03,Dach & Dachentwässerung,Gauben / Dachfenster,41,Verschattung (Rollladen / Plissee) intakt,roof,roof_window_shading,dormers_roof_windows,checklist_rating,,True,True,True,True,False,False,False,True,17,high,draft
DE-TDD-03-042,2.7.0,0.3.0,de,germany_residential,03,Dach & Dachentwässerung,Flachdach (falls vorhanden),42,"Abdichtung: Risse, Blasen, offene Nähte",roof,flat_roof_waterproofing,flat_roof,checklist_rating,DIN 18531,True,True,True,True,False,False,False,True,18,high,draft
DE-TDD-03-043,2.7.0,0.3.0,de,germany_residential,03,Dach & Dachentwässerung,Flachdach (falls vorhanden),43,"Gefälle (mind. 2 %, optimal 5 %)",roof,flat_roof_gradient,flat_roof,checklist_rating,DIN 18531 / Flachdach-RL,True,True,True,True,False,False,False,True,18,high,draft
DE-TDD-03-044,2.7.0,0.3.0,de,germany_residential,03,Dach & Dachentwässerung,Flachdach (falls vorhanden),44,"Attika-Anschluss, Aufkantung ≥ 15 cm",roof,parapet_upstand,flat_roof,checklist_rating,DIN 18531,True,True,True,True,False,False,False,True,18,high,draft
DE-TDD-03-045,2.7.0,0.3.0,de,germany_residential,03,Dach & Dachentwässerung,Flachdach (falls vorhanden),45,Wurzelfestigkeit bei Gründach,roof,green_roof_root_resistance,flat_roof,checklist_rating,FLL-Dachbegrünungs-RL,True,True,True,True,False,False,False,True,18,high,draft
DE-TDD-04-001,2.7.0,0.4.0,de,germany_residential,04,Fassade & Außenwände,Fassade allgemein,01,Fassadensystem (Putz / WDVS / VHF / Klinker / Holz),facade,facade_system,facade_general,checklist_rating,DIN 18550,True,True,True,True,False,False,False,True,19,high,draft
DE-TDD-04-002,2.7.0,0.4.0,de,germany_residential,04,Fassade & Außenwände,Fassade allgemein,02,"Schadbilder: Risse, Abplatzungen, Hohlstellen",facade,damage_patterns,facade_general,checklist_rating,,True,True,True,True,False,False,False,True,19,high,draft
DE-TDD-04-003,2.7.0,0.4.0,de,germany_residential,04,Fassade & Außenwände,Fassade allgemein,03,Hohlstellen durch Abklopfen prüfen,facade,hollow_spots_tapping,facade_general,checklist_rating,DIN 18550,True,True,True,True,False,False,False,True,19,high,draft
DE-TDD-04-004,2.7.0,0.4.0,de,germany_residential,04,Fassade & Außenwände,Fassade allgemein,04,"Verfärbungen, Algen- / Pilzbefall",facade,discoloration_algae_fungi,facade_general,checklist_rating,,True,True,True,True,False,False,False,True,19,high,draft
DE-TDD-04-005,2.7.0,0.4.0,de,germany_residential,04,Fassade & Außenwände,Fassade allgemein,05,"Anstrich: Kreidung, Abblättern, Ausbleichung",facade,paint_coating,facade_general,checklist_rating,,True,True,True,True,False,False,False,True,19,high,draft
DE-TDD-04-012,2.7.0,0.4.0,de,germany_residential,04,Fassade & Außenwände,WDVS / Wärmedämmverbundsystem,12,Dämmdicke (Schätzung über Fenstertiefe),facade,external_insulation_thickness,etics_wdvs,checklist_rating,GEG,True,True,True,True,False,False,False,True,21,high,draft
DE-TDD-04-013,2.7.0,0.4.0,de,germany_residential,04,Fassade & Außenwände,WDVS / Wärmedämmverbundsystem,13,Stoßfugen sichtbar (Wärmebrücken),facade,visible_joints_thermal_bridges,etics_wdvs,checklist_rating,,True,True,True,True,False,False,False,True,21,high,draft
DE-TDD-04-014,2.7.0,0.4.0,de,germany_residential,04,Fassade & Außenwände,WDVS / Wärmedämmverbundsystem,14,Dübelabzeichnungen auf der Fassade sichtbar,facade,anchor_marks,etics_wdvs,checklist_rating,,True,True,True,True,False,False,False,True,21,high,draft
DE-TDD-04-015,2.7.0,0.4.0,de,germany_residential,04,Fassade & Außenwände,WDVS / Wärmedämmverbundsystem,15,"Spechtschäden, mechanische Beschädigungen",facade,mechanical_damage,etics_wdvs,checklist_rating,,True,True,True,True,False,False,False,True,21,high,draft
DE-TDD-04-016,2.7.0,0.4.0,de,germany_residential,04,Fassade & Außenwände,WDVS / Wärmedämmverbundsystem,16,Brandriegel bei EPS > 100 mm,facade,fire_barriers_eps,etics_wdvs,checklist_rating,MBO § 28,True,True,True,True,False,False,False,True,21,high,draft
DE-TDD-04-017,2.7.0,0.4.0,de,germany_residential,04,Fassade & Außenwände,WDVS / Wärmedämmverbundsystem,17,Sockelabschlussprofil intakt,facade,base_termination_profile,etics_wdvs,checklist_rating,,True,True,True,True,False,False,False,True,21,high,draft
DE-TDD-04-018,2.7.0,0.4.0,de,germany_residential,04,Fassade & Außenwände,WDVS / Wärmedämmverbundsystem,18,Sockel thermisch entkoppelt / gedämmt,facade,base_thermal_separation,etics_wdvs,checklist_rating,GEG,True,True,True,True,False,False,False,True,22,high,draft
DE-TDD-04-019,2.7.0,0.4.0,de,germany_residential,04,Fassade & Außenwände,Sockel / Spritzwasserbereich,19,"Sockelausbildung: Material, Höhe ≥ 30 cm",facade,plinth_material_height,plinth_splash_zone,checklist_rating,DIN 18533,True,True,True,True,False,False,False,True,22,high,draft
DE-TDD-04-020,2.7.0,0.4.0,de,germany_residential,04,Fassade & Außenwände,Sockel / Spritzwasserbereich,20,Horizontalsperre erkennbar,facade,horizontal_barrier,plinth_splash_zone,checklist_rating,DIN 18533,True,True,True,True,False,False,False,True,22,high,draft
DE-TDD-04-021,2.7.0,0.4.0,de,germany_residential,04,Fassade & Außenwände,Sockel / Spritzwasserbereich,21,"Feuchteschäden, Salzausblühungen",facade,moisture_salt_efflorescence,plinth_splash_zone,checklist_rating,,True,True,True,True,False,False,False,True,22,high,draft
DE-TDD-04-022,2.7.0,0.4.0,de,germany_residential,04,Fassade & Außenwände,Sockel / Spritzwasserbereich,22,"Anschluss an Gelände (Kiesstreifen, Drainage)",facade,ground_connection_gravel_drainage,plinth_splash_zone,checklist_rating,DIN 18533,True,True,True,True,False,False,False,True,22,high,draft
DE-TDD-04-023,2.7.0,0.4.0,de,germany_residential,04,Fassade & Außenwände,Sockel / Spritzwasserbereich,23,Putzkante über Gelände ≥ 15 cm,facade,render_edge_above_ground,plinth_splash_zone,checklist_rating,,True,True,True,True,False,False,False,True,22,high,draft
DE-TDD-04-024,2.7.0,0.4.0,de,germany_residential,04,Fassade & Außenwände,Fenster- und Türanschlüsse,24,"Anschlussfugen elastisch, ohne Risse",facade,elastic_connection_joints,window_door_connections,checklist_rating,DIN 18540,True,True,True,True,False,False,False,True,23,high,draft
DE-TDD-04-025,2.7.0,0.4.0,de,germany_residential,04,Fassade & Außenwände,Fenster- und Türanschlüsse,25,"Fensterbänke außen: Gefälle, Tropfkante",facade,external_window_sills,window_door_connections,checklist_rating,DIN EN 12208,True,True,True,True,False,False,False,True,23,high,draft
DE-TDD-04-026,2.7.0,0.4.0,de,germany_residential,04,Fassade & Außenwände,Fenster- und Türanschlüsse,26,"Rollladenkästen: Wärmebrücke, Dichtigkeit",facade,roller_shutter_boxes,window_door_connections,checklist_rating,,True,True,True,True,False,False,False,True,23,high,draft
DE-TDD-04-027,2.7.0,0.4.0,de,germany_residential,04,Fassade & Außenwände,Fenster- und Türanschlüsse,27,"Stürze: Risse, Durchbiegung",facade,lintels_cracks_deflection,window_door_connections,checklist_rating,,True,True,True,True,False,False,False,True,23,high,draft
DE-TDD-04-028,2.7.0,0.4.0,de,germany_residential,04,Fassade & Außenwände,Balkone / Auskragungen,28,"Balkonplatte: Risse, Korrosion Bewehrung",facade,balcony_slab,balconies_cantilevers,checklist_rating,DIN EN 1992 (EC 2),True,True,True,True,False,False,False,True,23,high,draft
DE-TDD-04-029,2.7.0,0.4.0,de,germany_residential,04,Fassade & Außenwände,Balkone / Auskragungen,29,Geländerhöhe (Absturzhöhe > 1 m: ≥ 90 cm),facade,guardrail_height,balconies_cantilevers,checklist_rating,DIN 18065 / LBO,True,True,True,True,False,False,False,True,24,high,draft
DE-TDD-04-030,2.7.0,0.4.0,de,germany_residential,04,Fassade & Außenwände,Balkone / Auskragungen,30,"Geländer: Standsicherheit, Verankerung",facade,guardrail_stability_anchoring,balconies_cantilevers,checklist_rating,DIN EN 1991-1-1,True,True,True,True,False,False,False,True,24,high,draft
DE-TDD-04-031,2.7.0,0.4.0,de,germany_residential,04,Fassade & Außenwände,Balkone / Auskragungen,31,"Belag: Gefälle, Abdichtung, Entwässerung",facade,balcony_surface_waterproofing_drainage,balconies_cantilevers,checklist_rating,DIN 18531-5,True,True,True,True,False,False,False,True,24,high,draft
DE-TDD-04-032,2.7.0,0.4.0,de,germany_residential,04,Fassade & Außenwände,Balkone / Auskragungen,32,"Untersicht: Abplatzungen, Wärmebrücke (Isokorb?)",facade,balcony_soffit_spalling_thermal_bridge,balconies_cantilevers,checklist_rating,,True,True,True,True,False,False,False,True,24,high,draft
DE-TDD-05-001,2.7.0,0.5.0,de,germany_residential,05,Fenster & Außentüren,Fenster allgemein,01,Material (Holz / Kunststoff / Alu / Holz-Alu),windows_doors,window_material,windows_general,checklist_rating,,True,True,True,True,False,False,False,True,25,high,draft
DE-TDD-05-002,2.7.0,0.5.0,de,germany_residential,05,Fenster & Außentüren,Fenster allgemein,02,Profil / System (z. B. 70 / 82 / 90 mm),windows_doors,window_profile_system,windows_general,checklist_rating,,True,True,True,True,False,False,False,True,25,high,draft
DE-TDD-05-003,2.7.0,0.5.0,de,germany_residential,05,Fenster & Außentüren,Fenster allgemein,03,Baujahr der Fenster (geschätzt),windows_doors,window_year_estimated,windows_general,checklist_rating,,True,True,True,True,False,False,False,True,25,high,draft
DE-TDD-05-004,2.7.0,0.5.0,de,germany_residential,05,Fenster & Außentüren,Fenster allgemein,04,Anzahl der Dichtebenen (1 / 2 / 3),windows_doors,sealing_levels,windows_general,checklist_rating,DIN EN 12207,True,True,True,True,False,False,False,True,25,high,draft
DE-TDD-05-005,2.7.0,0.5.0,de,germany_residential,05,Fenster & Außentüren,Verglasung,05,Verglasungsart (Einfach / Iso / 2-fach / 3-fach),windows_doors,glazing_type,glazing,checklist_rating,,True,True,True,True,False,False,False,True,26,high,draft
DE-TDD-05-006,2.7.0,0.5.0,de,germany_residential,05,Fenster & Außentüren,Verglasung,06,Ug-Wert (lt. Marken-Aufdruck im SZR),windows_doors,ug_value_spacer_marking,glazing,checklist_rating,GEG,True,True,True,True,False,False,False,True,26,high,draft
DE-TDD-05-007,2.7.0,0.5.0,de,germany_residential,05,Fenster & Außentüren,Verglasung,07,"Beschädigte Scheiben, gesprungene Gläser",windows_doors,damaged_cracked_glass,glazing,checklist_rating,,True,True,True,True,False,False,False,True,26,high,draft
DE-TDD-05-008,2.7.0,0.5.0,de,germany_residential,05,Fenster & Außentüren,Verglasung,08,Glasrandverbund beschädigt? (defekter SZR-Rand),windows_doors,insulated_glass_edge_seal,glazing,checklist_rating,,True,True,True,True,False,False,False,True,26,high,draft
DE-TDD-05-009,2.7.0,0.5.0,de,germany_residential,05,Fenster & Außentüren,Verglasung,09,Beschlag im Scheibenzwischenraum,windows_doors,condensation_between_panes,glazing,checklist_rating,,True,True,True,True,False,False,False,True,26,high,draft
DE-TDD-05-010,2.7.0,0.5.0,de,germany_residential,05,Fenster & Außentüren,Verglasung,10,Schallschutzklasse erkennbar,windows_doors,sound_insulation_class,glazing,checklist_rating,DIN 4109,True,True,True,True,False,False,False,True,26,high,draft
DE-TDD-05-017,2.7.0,0.5.0,de,germany_residential,05,Fenster & Außentüren,Beschlagtechnik / Funktion,17,Dreh-Kipp-Funktion gangbar,windows_doors,tilt_turn_function,window_hardware_function,checklist_rating,,True,True,True,True,False,False,False,True,28,high,draft
DE-TDD-05-018,2.7.0,0.5.0,de,germany_residential,05,Fenster & Außentüren,Beschlagtechnik / Funktion,18,"Beschläge: Korrosion, Lockerung",windows_doors,hardware_corrosion_looseness,window_hardware_function,checklist_rating,,True,True,True,True,False,False,False,True,28,high,draft
DE-TDD-05-019,2.7.0,0.5.0,de,germany_residential,05,Fenster & Außentüren,Beschlagtechnik / Funktion,19,Pilzkopfverriegelung (Einbruchhemmung),windows_doors,mushroom_head_locking,security_resistance,checklist_rating,DIN EN 1627,True,True,True,True,False,False,False,True,28,high,draft
DE-TDD-05-020,2.7.0,0.5.0,de,germany_residential,05,Fenster & Außentüren,Beschlagtechnik / Funktion,20,Fenstergriffe abschließbar,windows_doors,lockable_handles,security_resistance,checklist_rating,,True,True,True,True,False,False,False,True,28,high,draft
DE-TDD-05-021,2.7.0,0.5.0,de,germany_residential,05,Fenster & Außentüren,Beschlagtechnik / Funktion,21,Sicherheitsklasse RC (1 / 2 / 3),windows_doors,resistance_class_rc,security_resistance,checklist_rating,DIN EN 1627,True,True,True,True,False,False,False,True,28,high,draft
DE-TDD-05-022,2.7.0,0.5.0,de,germany_residential,05,Fenster & Außentüren,Sonderelemente,22,Bodentiefe Fenster: Absturzsicherung,windows_doors,floor_to_ceiling_window_fall_protection,special_elements,checklist_rating,DIN 18008-4,True,True,True,True,False,False,False,True,29,high,draft
DE-TDD-05-023,2.7.0,0.5.0,de,germany_residential,05,Fenster & Außentüren,Sonderelemente,23,"Hebe-Schiebe-Türen: Funktion, Bodenschwelle",windows_doors,lift_slide_doors_threshold,special_elements,checklist_rating,,True,True,True,True,False,False,False,True,29,high,draft
DE-TDD-05-024,2.7.0,0.5.0,de,germany_residential,05,Fenster & Außentüren,Sonderelemente,24,"Rollläden / Raffstores: Funktion, Motor",windows_doors,shutters_external_blinds_motor,special_elements,checklist_rating,,True,True,True,True,False,False,False,True,29,high,draft
DE-TDD-05-025,2.7.0,0.5.0,de,germany_residential,05,Fenster & Außentüren,Sonderelemente,25,"Insektenschutz: Funktion, Befestigung",windows_doors,insect_screen_function_fixing,special_elements,checklist_rating,,True,True,True,True,False,False,False,True,29,high,draft
DE-TDD-05-026,2.7.0,0.5.0,de,germany_residential,05,Fenster & Außentüren,Haustür / Nebeneingänge,26,"Türblatt: Verzug, Beschädigung, Dichtigkeit",windows_doors,door_leaf_distortion_damage_sealing,external_doors,checklist_rating,,True,True,True,True,False,False,False,True,29,high,draft
DE-TDD-05-027,2.7.0,0.5.0,de,germany_residential,05,Fenster & Außentüren,Haustür / Nebeneingänge,27,Schloss / Mehrfachverriegelung,windows_doors,lock_multipoint_locking,external_doors,checklist_rating,DIN EN 12209,True,True,True,True,False,False,False,True,29,high,draft
DE-TDD-05-034,2.7.0,0.5.0,de,germany_residential,05,Fenster & Außentüren,Feuchte / Schimmel / Lüftung,34,Schimmelspuren an Laibung,windows_doors,mould_marks_reveal,moisture_mould_ventilation,checklist_rating,,True,True,True,True,False,False,False,True,31,high,draft
DE-TDD-05-035,2.7.0,0.5.0,de,germany_residential,05,Fenster & Außentüren,Feuchte / Schimmel / Lüftung,35,Hinweise zur Lüftung erforderlich,windows_doors,ventilation_guidance_required,moisture_mould_ventilation,checklist_rating,DIN 1946-6,True,True,True,True,False,False,False,True,31,high,draft
DE-TDD-06-001,2.7.0,0.6.0,de,germany_residential,06,Keller & Abdichtung,Kellerart / Bauweise,01,Kellerart (unterkellert / teilunterkellert / Bodenplatte),basement_waterproofing,basement_type,basement_construction,checklist_rating,,True,True,True,True,False,False,False,True,32,high,draft
DE-TDD-06-002,2.7.0,0.6.0,de,germany_residential,06,Keller & Abdichtung,Kellerart / Bauweise,02,Bauweise (Beton / Mauerwerk / WU-Beton),basement_waterproofing,basement_construction_type,basement_construction,checklist_rating,DIN 18533,True,True,True,True,False,False,False,True,32,high,draft
DE-TDD-06-003,2.7.0,0.6.0,de,germany_residential,06,Keller & Abdichtung,Kellerart / Bauweise,03,Geländeniveau außen vs. Kellerfußboden,basement_waterproofing,external_ground_level_vs_basement_floor,basement_construction,checklist_rating,,True,True,True,True,False,False,False,True,32,high,draft
DE-TDD-06-004,2.7.0,0.6.0,de,germany_residential,06,Keller & Abdichtung,Kellerart / Bauweise,04,Lastfall lt. DIN 18533 (W1.1-E bis W3.1-E),basement_waterproofing,water_exposure_class,basement_construction,checklist_rating,DIN 18533,True,True,True,True,False,False,False,True,32,high,draft
DE-TDD-06-005,2.7.0,0.6.0,de,germany_residential,06,Keller & Abdichtung,Kellerart / Bauweise,05,Hinweise auf drückendes Wasser (Lastfall W2.1-E),basement_waterproofing,pressing_water_indications,basement_construction,checklist_rating,DIN 18533,True,True,True,True,False,False,False,True,32,high,draft
DE-TDD-06-006,2.7.0,0.6.0,de,germany_residential,06,Keller & Abdichtung,Abdichtung / Feuchte,06,Sichtbare Feuchteschäden an Wänden,basement_waterproofing,visible_wall_moisture_damage,basement_moisture,checklist_rating,DIN 18533,True,True,True,True,False,False,False,True,33,high,draft
DE-TDD-06-007,2.7.0,0.6.0,de,germany_residential,06,Keller & Abdichtung,Abdichtung / Feuchte,07,"Salzausblühungen (Salpeter, Sulfate)",basement_waterproofing,salt_efflorescence,basement_moisture,checklist_rating,,True,True,True,True,False,False,False,True,33,high,draft
DE-TDD-06-008,2.7.0,0.6.0,de,germany_residential,06,Keller & Abdichtung,Abdichtung / Feuchte,08,"Putzabplatzungen, mürber Putz",basement_waterproofing,render_spalling_soft_render,basement_moisture,checklist_rating,,True,True,True,True,False,False,False,True,33,high,draft
DE-TDD-06-009,2.7.0,0.6.0,de,germany_residential,06,Keller & Abdichtung,Abdichtung / Feuchte,09,"Wassereintritt aktiv? (Pfützen, Rinnsale)",basement_waterproofing,active_water_ingress,basement_moisture,checklist_rating,,True,True,True,True,False,False,False,True,33,high,draft
DE-TDD-06-010,2.7.0,0.6.0,de,germany_residential,06,Keller & Abdichtung,Abdichtung / Feuchte,10,Horizontalsperre erkennbar / funktional,basement_waterproofing,horizontal_barrier,basement_moisture,checklist_rating,WTA 4-4,True,True,True,True,False,False,False,True,33,high,draft
DE-TDD-06-011,2.7.0,0.6.0,de,germany_residential,06,Keller & Abdichtung,Abdichtung / Feuchte,11,Bohrkernentnahme für Feuchtemessung erforderlich?,basement_waterproofing,core_sample_moisture_measurement_required,basement_moisture,checklist_rating,,True,True,True,True,False,False,False,True,33,high,draft
DE-TDD-06-012,2.7.0,0.6.0,de,germany_residential,06,Keller & Abdichtung,Raumklima / Geruch,12,Muffiger / modriger Geruch wahrnehmbar?,basement_waterproofing,musty_odour,basement_indoor_climate,checklist_rating,,True,True,True,True,False,False,False,True,34,high,draft
DE-TDD-06-013,2.7.0,0.6.0,de,germany_residential,06,Keller & Abdichtung,Raumklima / Geruch,13,Schwarze Verfärbungen / mikrobieller Befall sichtbar?,basement_waterproofing,black_discoloration_microbial_growth,basement_indoor_climate,checklist_rating,UBA-Schimmelleitfaden,True,True,True,True,False,False,False,True,34,high,draft
DE-TDD-06-014,2.7.0,0.6.0,de,germany_residential,06,Keller & Abdichtung,Raumklima / Geruch,14,Lüftungskonzept Keller plausibel (Sommerkondensation?),basement_waterproofing,basement_ventilation_concept,basement_indoor_climate,checklist_rating,DIN 1946-6,True,True,True,True,False,False,False,True,34,high,draft
DE-TDD-06-015,2.7.0,0.6.0,de,germany_residential,06,Keller & Abdichtung,Raumklima / Geruch,15,Fenster im Sommer geöffnet → Kondensatrisiko,basement_waterproofing,summer_window_opening_condensation_risk,basement_indoor_climate,checklist_rating,,False,True,True,True,False,False,False,True,34,high,draft
DE-TDD-06-016,2.7.0,0.6.0,de,germany_residential,06,Keller & Abdichtung,Feuchte-Messung (Stichproben),16,Mauerfeuchte CM-Wert (M %),basement_waterproofing,cm_masonry_moisture_value,moisture_measurement,checklist_rating,WTA 4-11,True,True,True,True,False,False,False,True,34,high,draft
DE-TDD-06-017,2.7.0,0.6.0,de,germany_residential,06,Keller & Abdichtung,Feuchte-Messung (Stichproben),17,Oberflächenfeuchte dielektrisch gemessen,basement_waterproofing,dielectric_surface_moisture,moisture_measurement,checklist_rating,,True,True,True,True,False,False,False,True,35,needs_review,needs_review
DE-TDD-06-018,2.7.0,0.6.0,de,germany_residential,06,Keller & Abdichtung,Feuchte-Messung (Stichproben),18,Vergleichsmessung trockener Referenzbereich,basement_waterproofing,dry_reference_measurement,moisture_measurement,checklist_rating,,True,True,True,True,False,False,False,True,35,needs_review,needs_review
DE-TDD-06-019,2.7.0,0.6.0,de,germany_residential,06,Keller & Abdichtung,Feuchte-Messung (Stichproben),19,Luftfeuchte / Temperatur im Kellerraum,basement_waterproofing,air_humidity_temperature_basement,moisture_measurement,checklist_rating,DIN EN ISO 13788,False,True,True,True,False,False,False,True,35,needs_review,needs_review
DE-TDD-06-020,2.7.0,0.6.0,de,germany_residential,06,Keller & Abdichtung,Feuchte-Messung (Stichproben),20,Taupunktnähe / Kondensationsrisiko bewertet,basement_waterproofing,dew_point_condensation_risk,moisture_measurement,checklist_rating,DIN 4108-3,True,True,True,True,False,False,False,True,35,needs_review,needs_review
DE-TDD-06-021,2.7.0,0.6.0,de,germany_residential,06,Keller & Abdichtung,Lichtschächte / Kellerfenster,21,"Lichtschächte: Wasserstand, Ablauf frei",basement_waterproofing,light_well_drainage,light_wells_windows,checklist_rating,DIN 18533,True,True,True,True,False,False,False,True,36,needs_review,needs_review
DE-TDD-06-022,2.7.0,0.6.0,de,germany_residential,06,Keller & Abdichtung,Lichtschächte / Kellerfenster,22,"Lichtschächte: Rost, Abdeckung, Befestigung",basement_waterproofing,light_well_grating_cover_fixing,light_wells_windows,checklist_rating,,True,True,True,True,False,False,False,True,36,needs_review,needs_review
DE-TDD-06-023,2.7.0,0.6.0,de,germany_residential,06,Keller & Abdichtung,Lichtschächte / Kellerfenster,23,"Kellerfenster: Dichtigkeit, Beschlag, Funktion",basement_waterproofing,basement_windows_sealing_function,light_wells_windows,checklist_rating,,True,True,True,True,False,False,False,True,36,needs_review,needs_review
DE-TDD-06-024,2.7.0,0.6.0,de,germany_residential,06,Keller & Abdichtung,Lichtschächte / Kellerfenster,24,Fensteranschluss im Sockelbereich dicht,basement_waterproofing,basement_window_plinth_connection,light_wells_windows,checklist_rating,DIN 18533,True,True,True,True,False,False,False,True,36,needs_review,needs_review
DE-TDD-06-025,2.7.0,0.6.0,de,germany_residential,06,Keller & Abdichtung,Boden / Treppen / Innenbauteile,25,"Bodenplatte / Kellerboden: Risse, Feuchte, Unebenheiten",basement_waterproofing,basement_floor_slab,basement_internal_elements,checklist_rating,,True,True,True,True,False,False,False,True,36,needs_review,needs_review
DE-TDD-06-026,2.7.0,0.6.0,de,germany_residential,06,Keller & Abdichtung,Boden / Treppen / Innenbauteile,26,"Kellertreppe: Belag, Geländer, Trittsicherheit",basement_waterproofing,basement_stairs,basement_internal_elements,checklist_rating,DIN 18065,True,True,True,True,False,False,False,True,36,needs_review,needs_review
DE-TDD-06-027,2.7.0,0.6.0,de,germany_residential,06,Keller & Abdichtung,Boden / Treppen / Innenbauteile,27,"Innenwände / Trennwände: Feuchte, Risse, Salze",basement_waterproofing,basement_internal_walls,basement_internal_elements,checklist_rating,,True,True,True,True,False,False,False,True,36,needs_review,needs_review
DE-TDD-06-028,2.7.0,0.6.0,de,germany_residential,06,Keller & Abdichtung,Boden / Treppen / Innenbauteile,28,"Decke über Keller: Feuchte, Korrosion, Dämmung",basement_waterproofing,basement_ceiling,basement_internal_elements,checklist_rating,,True,True,True,True,False,False,False,True,36,needs_review,needs_review
DE-TDD-06-029,2.7.0,0.6.0,de,germany_residential,06,Keller & Abdichtung,Boden / Treppen / Innenbauteile,29,"Estrich / Belag: Hohlstellen, Risse",basement_waterproofing,basement_screed_floor_finish,basement_internal_elements,checklist_rating,,True,True,True,True,False,False,False,True,37,high,draft
DE-TDD-06-030,2.7.0,0.6.0,de,germany_residential,06,Keller & Abdichtung,Hausanschlussraum / Technik,30,Hausanschlussraum vorhanden und zugänglich,basement_waterproofing,utility_room_access,utility_room_technical,checklist_rating,DIN 18012,False,True,True,True,False,False,False,True,37,high,draft
DE-TDD-06-031,2.7.0,0.6.0,de,germany_residential,06,Keller & Abdichtung,Hausanschlussraum / Technik,31,Wassereintritt an Leitungsdurchführungen,basement_waterproofing,water_ingress_service_penetrations,utility_room_technical,checklist_rating,,True,True,True,True,False,False,False,True,37,high,draft
DE-TDD-06-032,2.7.0,0.6.0,de,germany_residential,06,Keller & Abdichtung,Hausanschlussraum / Technik,32,Mehrspartendurchführung dicht,basement_waterproofing,multi_utility_entry_sealing,utility_room_technical,checklist_rating,DIN 18322,True,True,True,True,False,False,False,True,37,high,draft
DE-TDD-06-033,2.7.0,0.6.0,de,germany_residential,06,Keller & Abdichtung,Hausanschlussraum / Technik,33,Brandabschottung an Durchdringungen,basement_waterproofing,fire_stopping_penetrations,utility_room_technical,checklist_rating,MBO § 40 / MLAR,True,True,True,True,False,False,False,True,37,high,draft
DE-TDD-06-034,2.7.0,0.6.0,de,germany_residential,06,Keller & Abdichtung,Rückstausicherung,34,Rückstauklappe vorhanden / zugänglich,basement_waterproofing,backwater_valve_present_accessible,backwater_protection,checklist_rating,DIN EN 13564,True,True,True,True,False,False,False,True,38,needs_review,needs_review
DE-TDD-06-035,2.7.0,0.6.0,de,germany_residential,06,Keller & Abdichtung,Rückstausicherung,35,Rückstausicherung gewartet / funktionsfähig,basement_waterproofing,backwater_protection_maintenance_function,backwater_protection,checklist_rating,DIN EN 13564,True,True,True,True,False,False,False,True,38,needs_review,needs_review
DE-TDD-06-036,2.7.0,0.6.0,de,germany_residential,06,Keller & Abdichtung,Rückstausicherung,36,Hebeanlage vorhanden / Wartung dokumentiert,basement_waterproofing,lifting_station_maintenance,backwater_protection,checklist_rating,DIN EN 12056,True,True,True,True,False,False,False,True,38,needs_review,needs_review
DE-TDD-06-037,2.7.0,0.6.0,de,germany_residential,06,Keller & Abdichtung,Rückstausicherung,37,Abläufe unter Rückstauebene gesichert,basement_waterproofing,drains_below_backwater_level_secured,backwater_protection,checklist_rating,DIN 1986-100,True,True,True,True,False,False,False,True,38,needs_review,needs_review
DE-TDD-06-038,2.7.0,0.6.0,de,germany_residential,06,Keller & Abdichtung,Schadstoffe / Altlasten,38,"Hinweise auf Asbest (Floor-Flex, Rohrisolierung)",basement_waterproofing,asbestos_indications,basement_hazardous_materials,checklist_rating,TRGS 519,True,True,True,True,False,False,False,True,38,needs_review,needs_review
DE-TDD-06-039,2.7.0,0.6.0,de,germany_residential,06,Keller & Abdichtung,Schadstoffe / Altlasten,39,Hinweise auf KMF / alte Dämmstoffe,basement_waterproofing,kmf_old_insulation_indications,basement_hazardous_materials,checklist_rating,TRGS 521,True,True,True,True,False,False,False,True,38,needs_review,needs_review
DE-TDD-06-040,2.7.0,0.6.0,de,germany_residential,06,Keller & Abdichtung,Schadstoffe / Altlasten,40,"Hinweise auf PAK (Teerpappe, Parkettkleber)",basement_waterproofing,pak_indications_tar_paper_parquet_adhesive,basement_hazardous_materials,checklist_rating,TRGS 524,True,True,True,True,False,False,False,True,39,high,draft
DE-TDD-07-006,2.7.0,0.7.0,de,germany_residential,07,"Innenwände, Decken, Böden",Innenwände,06,Hohlstellen im Putz (Klopfprobe),interior,plaster_hollow_spots,internal_walls,checklist_rating,,True,True,True,True,False,False,False,True,41,high,draft
DE-TDD-07-007,2.7.0,0.7.0,de,germany_residential,07,"Innenwände, Decken, Böden",Decken,07,Deckenkonstruktion (Beton / Holzbalken / Hourdis),interior,ceiling_structure,ceilings,checklist_rating,,True,True,True,True,False,False,False,True,41,high,draft
DE-TDD-07-008,2.7.0,0.7.0,de,germany_residential,07,"Innenwände, Decken, Böden",Decken,08,Risse / Durchhang sichtbar,interior,ceiling_cracks_deflection,ceilings,checklist_rating,DIN 18202,True,True,True,True,False,False,False,True,41,high,draft
DE-TDD-07-009,2.7.0,0.7.0,de,germany_residential,07,"Innenwände, Decken, Böden",Decken,09,Stuck / Profile: Schäden,interior,stucco_profiles_damage,ceilings,checklist_rating,,True,True,True,True,False,False,False,True,41,high,draft
DE-TDD-07-010,2.7.0,0.7.0,de,germany_residential,07,"Innenwände, Decken, Böden",Decken,10,Abgehängte Decken: Befestigung,interior,suspended_ceiling_fixing,ceilings,checklist_rating,,True,True,True,True,False,False,False,True,41,high,draft
DE-TDD-07-011,2.7.0,0.7.0,de,germany_residential,07,"Innenwände, Decken, Böden",Decken,11,Sichtbare Wasserränder,interior,visible_water_marks,ceilings,checklist_rating,,True,True,True,True,False,False,False,True,41,high,draft
DE-TDD-07-012,2.7.0,0.7.0,de,germany_residential,07,"Innenwände, Decken, Böden",Böden / Beläge,12,Bodenbelag (Parkett / Laminat / Fliesen / Teppich / PVC),interior,floor_covering,floors_finishes,checklist_rating,,True,True,True,True,False,False,False,True,42,high,draft
DE-TDD-07-013,2.7.0,0.7.0,de,germany_residential,07,"Innenwände, Decken, Böden",Böden / Beläge,13,Estrich: Hohlstellen (Klopfprobe),interior,screed_hollow_spots,floors_finishes,checklist_rating,DIN 18560,True,True,True,True,False,False,False,True,42,high,draft
DE-TDD-07-014,2.7.0,0.7.0,de,germany_residential,07,"Innenwände, Decken, Böden",Böden / Beläge,14,Risse im Estrich / Belag,interior,screed_floor_cracks,floors_finishes,checklist_rating,,True,True,True,True,False,False,False,True,42,high,draft
DE-TDD-07-015,2.7.0,0.7.0,de,germany_residential,07,"Innenwände, Decken, Böden",Böden / Beläge,15,Fugen Fliesenboden: Schadbilder,interior,tile_floor_joints_damage,floors_finishes,checklist_rating,,True,True,True,True,False,False,False,True,42,high,draft
DE-TDD-07-016,2.7.0,0.7.0,de,germany_residential,07,"Innenwände, Decken, Böden",Böden / Beläge,16,"Sockelleisten: Befestigung, Anschluss",interior,skirting_boards_fixing_connection,floors_finishes,checklist_rating,,True,True,True,True,False,False,False,True,42,high,draft
DE-TDD-07-017,2.7.0,0.7.0,de,germany_residential,07,"Innenwände, Decken, Böden",Böden / Beläge,17,Übergänge zwischen Räumen (Schwellen),interior,room_transitions_thresholds,floors_finishes,checklist_rating,DIN 18040,True,True,True,True,False,False,False,True,42,high,draft
DE-TDD-07-018,2.7.0,0.7.0,de,germany_residential,07,"Innenwände, Decken, Böden",Ebenheit nach DIN 18202,18,Ebenheitstoleranz Wände,interior,wall_flatness_tolerance,flatness_tolerances,checklist_rating,DIN 18202 Zeile 5,True,True,True,True,False,False,False,True,43,high,draft
DE-TDD-07-019,2.7.0,0.7.0,de,germany_residential,07,"Innenwände, Decken, Böden",Ebenheit nach DIN 18202,19,Ebenheitstoleranz Böden,interior,floor_flatness_tolerance,flatness_tolerances,checklist_rating,DIN 18202 Zeile 3 / 4,True,True,True,True,False,False,False,True,43,high,draft
DE-TDD-07-020,2.7.0,0.7.0,de,germany_residential,07,"Innenwände, Decken, Böden",Ebenheit nach DIN 18202,20,Winkelabweichung Wand / Boden 90°,interior,wall_floor_angle_deviation,flatness_tolerances,checklist_rating,DIN 18202 Tab. 2,True,True,True,True,False,False,False,True,43,high,draft
DE-TDD-07-021,2.7.0,0.7.0,de,germany_residential,07,"Innenwände, Decken, Böden",Ebenheit nach DIN 18202,21,Senkrechtigkeit der Wände,interior,wall_verticality,flatness_tolerances,checklist_rating,DIN 18202 Tab. 1,True,True,True,True,False,False,False,True,43,high,draft
DE-TDD-07-022,2.7.0,0.7.0,de,germany_residential,07,"Innenwände, Decken, Böden",Schallschutz,22,Schwimmender Estrich vorhanden,interior,floating_screed,acoustic_protection,checklist_rating,DIN 4109,True,True,True,True,False,False,False,True,43,high,draft
DE-TDD-07-023,2.7.0,0.7.0,de,germany_residential,07,"Innenwände, Decken, Böden",Schallschutz,23,Trittschalldämmung dokumentiert,interior,impact_sound_insulation_documented,acoustic_protection,checklist_rating,DIN 4109-1,True,True,True,True,False,False,False,True,44,high,draft
DE-TDD-07-024,2.7.0,0.7.0,de,germany_residential,07,"Innenwände, Decken, Böden",Schallschutz,24,Wandanschlüsse (Randstreifen),interior,perimeter_isolation_strips,acoustic_protection,checklist_rating,,True,True,True,True,False,False,False,True,44,high,draft
DE-TDD-07-025,2.7.0,0.7.0,de,germany_residential,07,"Innenwände, Decken, Böden",Schallschutz,25,Erhöhter Schallschutz vereinbart?,interior,enhanced_sound_protection_agreed,acoustic_protection,checklist_rating,VDI 4100 / DIN 4109 Bbl. 2,True,True,True,True,False,False,False,True,44,high,draft
DE-TDD-07-026,2.7.0,0.7.0,de,germany_residential,07,"Innenwände, Decken, Böden",Treppen innen,26,Treppenmaße (Steigung / Auftritt),interior,internal_stair_dimensions,internal_stairs,checklist_rating,DIN 18065,True,True,True,True,False,False,False,True,44,high,draft
DE-TDD-07-027,2.7.0,0.7.0,de,germany_residential,07,"Innenwände, Decken, Böden",Treppen innen,27,"Trittsicherheit, Rutschhemmung",interior,slip_resistance,internal_stairs,checklist_rating,,True,True,True,True,False,False,False,True,44,high,draft
DE-TDD-07-028,2.7.0,0.7.0,de,germany_residential,07,"Innenwände, Decken, Böden",Treppen innen,28,"Geländer: Höhe ≥ 90 cm, Standsicherheit",interior,guardrail_height_stability,internal_stairs,checklist_rating,DIN 18065,True,True,True,True,False,False,False,True,44,high,draft
DE-TDD-07-035,2.7.0,0.7.0,de,germany_residential,07,"Innenwände, Decken, Böden",Raumhöhen / Nutzbarkeit,35,Raumhöhe (Mindestmaß je LBO),interior,room_height,usability_accessibility,checklist_rating,LBO,True,True,True,True,False,False,False,True,46,high,draft
DE-TDD-07-036,2.7.0,0.7.0,de,germany_residential,07,"Innenwände, Decken, Böden",Raumhöhen / Nutzbarkeit,36,Lichte Türbreiten,interior,clear_door_width,usability_accessibility,checklist_rating,DIN 18040,True,True,True,True,False,False,False,True,46,high,draft
DE-TDD-07-037,2.7.0,0.7.0,de,germany_residential,07,"Innenwände, Decken, Böden",Raumhöhen / Nutzbarkeit,37,Bewegungsflächen (Barrierefreiheit?),interior,movement_areas_accessibility,usability_accessibility,checklist_rating,DIN 18040-2,True,True,True,True,False,False,False,True,46,high,draft
DE-TDD-08-001,2.7.0,0.8.0,de,germany_residential,08,Sanitär & Entwässerung,Allgemein Sanitär,01,Anzahl und Lage der Bäder / WCs,plumbing_drainage,bathroom_wc_count_location,sanitary_general,checklist_rating,,True,True,True,True,False,False,False,True,47,high,draft
DE-TDD-08-002,2.7.0,0.8.0,de,germany_residential,08,Sanitär & Entwässerung,Allgemein Sanitär,02,"Sanitärgegenstände: Material, Zustand, Marke",plumbing_drainage,sanitary_fixtures_material_condition_brand,sanitary_general,checklist_rating,,True,True,True,True,False,False,False,True,47,high,draft
DE-TDD-08-003,2.7.0,0.8.0,de,germany_residential,08,Sanitär & Entwässerung,Allgemein Sanitär,03,Sanitärobjekte fest verankert,plumbing_drainage,fixture_anchoring,sanitary_general,checklist_rating,,True,True,True,True,False,False,False,True,47,high,draft
DE-TDD-08-004,2.7.0,0.8.0,de,germany_residential,08,Sanitär & Entwässerung,Allgemein Sanitär,04,"Sichtbare Leitungen (Material, Korrosion)",plumbing_drainage,visible_pipes_material_corrosion,sanitary_general,checklist_rating,,True,True,True,True,False,False,False,True,47,high,draft
DE-TDD-08-005,2.7.0,0.8.0,de,germany_residential,08,Sanitär & Entwässerung,Allgemein Sanitär,05,Verdeckte Leitungen (Dokumentation?),plumbing_drainage,concealed_pipe_documentation,sanitary_general,checklist_rating,DIN 1988,True,True,True,True,False,False,False,True,47,high,draft
DE-TDD-08-006,2.7.0,0.8.0,de,germany_residential,08,Sanitär & Entwässerung,Trinkwasserinstallation,06,Material (Kupfer / Edelstahl / Kunststoff),plumbing_drainage,drinking_water_pipe_material,drinking_water_installation,checklist_rating,DIN 1988,True,True,True,True,False,False,False,True,48,high,draft
DE-TDD-08-007,2.7.0,0.8.0,de,germany_residential,08,Sanitär & Entwässerung,Trinkwasserinstallation,07,Verzinkte Leitungen vorhanden? (Risiko!),plumbing_drainage,galvanized_pipes,drinking_water_installation,checklist_rating,,True,True,True,True,False,False,False,True,48,high,draft
DE-TDD-08-008,2.7.0,0.8.0,de,germany_residential,08,Sanitär & Entwässerung,Trinkwasserinstallation,08,Bleirohre? (Sichtprüfung im Keller),plumbing_drainage,lead_pipes_visual_check,drinking_water_installation,checklist_rating,TrinkwV,True,True,True,True,False,False,False,True,48,high,draft
DE-TDD-08-009,2.7.0,0.8.0,de,germany_residential,08,Sanitär & Entwässerung,Trinkwasserinstallation,09,Druckminderer / Wasserzähler,plumbing_drainage,pressure_reducer_water_meter,drinking_water_installation,checklist_rating,DIN EN 806,True,True,True,True,False,False,False,True,48,high,draft
DE-TDD-08-010,2.7.0,0.8.0,de,germany_residential,08,Sanitär & Entwässerung,Trinkwasserinstallation,10,Trinkwasserfilter vorhanden,plumbing_drainage,drinking_water_filter,drinking_water_installation,checklist_rating,DIN 1988-200,True,True,True,True,False,False,False,True,48,high,draft
DE-TDD-08-011,2.7.0,0.8.0,de,germany_residential,08,Sanitär & Entwässerung,Trinkwasserinstallation,11,Legionellenprüfung dokumentiert,plumbing_drainage,legionella_test_documented,drinking_water_installation,checklist_rating,TrinkwV § 14b,True,True,True,True,False,False,False,True,48,high,draft
DE-TDD-08-012,2.7.0,0.8.0,de,germany_residential,08,Sanitär & Entwässerung,Armaturen,12,"Mischbatterien: Funktion, Tropfen, Verkalkung",plumbing_drainage,mixing_taps_function_dripping_limescale,fittings,checklist_rating,,True,True,True,True,False,False,False,True,49,high,draft
DE-TDD-08-013,2.7.0,0.8.0,de,germany_residential,08,Sanitär & Entwässerung,Armaturen,13,"Eckventile: Funktion, Korrosion",plumbing_drainage,angle_valves_function_corrosion,fittings,checklist_rating,,True,True,True,True,False,False,False,True,49,high,draft
DE-TDD-08-014,2.7.0,0.8.0,de,germany_residential,08,Sanitär & Entwässerung,Armaturen,14,"Duscharmatur: Wassermenge, Brause",plumbing_drainage,shower_fitting_water_flow_handshower,fittings,checklist_rating,,True,True,True,True,False,False,False,True,49,high,draft
DE-TDD-08-015,2.7.0,0.8.0,de,germany_residential,08,Sanitär & Entwässerung,Armaturen,15,Sicherungsarmaturen (Systemtrennung),plumbing_drainage,backflow_prevention_fittings,fittings,checklist_rating,DIN EN 1717,True,True,True,True,False,False,False,True,49,high,draft
DE-TDD-08-016,2.7.0,0.8.0,de,germany_residential,08,Sanitär & Entwässerung,Ablauf / Entwässerung innen,16,Abflüsse: freier Abfluss (Funktionsprüfung),plumbing_drainage,drains_free_flow_function_test,internal_drainage,checklist_rating,DIN 1986-100,True,True,True,True,False,False,False,True,49,high,draft
DE-TDD-08-017,2.7.0,0.8.0,de,germany_residential,08,Sanitär & Entwässerung,Ablauf / Entwässerung innen,17,Geruchsverschlüsse vorhanden,plumbing_drainage,traps_present,internal_drainage,checklist_rating,,True,True,True,True,False,False,False,True,50,high,draft
DE-TDD-08-018,2.7.0,0.8.0,de,germany_residential,08,Sanitär & Entwässerung,Ablauf / Entwässerung innen,18,Rohrmaterial Abwasser (Guss / PVC / PE),plumbing_drainage,waste_pipe_material,internal_drainage,checklist_rating,DIN EN 12056,True,True,True,True,False,False,False,True,50,high,draft
DE-TDD-08-019,2.7.0,0.8.0,de,germany_residential,08,Sanitär & Entwässerung,Ablauf / Entwässerung innen,19,Be- und Entlüftung der Fallleitungen,plumbing_drainage,soil_stack_ventilation,internal_drainage,checklist_rating,DIN EN 12056-2,True,True,True,True,False,False,False,True,50,high,draft
DE-TDD-08-020,2.7.0,0.8.0,de,germany_residential,08,Sanitär & Entwässerung,Ablauf / Entwässerung innen,20,Anschlussschlauch WC dicht,plumbing_drainage,wc_connection_hose_tightness,internal_drainage,checklist_rating,,True,True,True,True,False,False,False,True,50,high,draft
DE-TDD-08-021,2.7.0,0.8.0,de,germany_residential,08,Sanitär & Entwässerung,Dusche / Badewanne,21,"Silikonfugen: Schimmel, Risse, Ablösung",plumbing_drainage,silicone_joints_mould_cracks_detachment,shower_bathtub,checklist_rating,,True,True,True,True,False,False,False,True,50,high,draft
DE-TDD-08-022,2.7.0,0.8.0,de,germany_residential,08,Sanitär & Entwässerung,Dusche / Badewanne,22,Wannenrand-Anschluss dicht,plumbing_drainage,bathtub_edge_connection_tightness,shower_bathtub,checklist_rating,,True,True,True,True,False,False,False,True,50,high,draft
DE-TDD-08-023,2.7.0,0.8.0,de,germany_residential,08,Sanitär & Entwässerung,Dusche / Badewanne,23,Duschtasse / bodengleiche Dusche: Gefälle,plumbing_drainage,shower_tray_level_access_gradient,shower_bathtub,checklist_rating,DIN 18534,True,True,True,True,False,False,False,True,51,high,draft
DE-TDD-08-024,2.7.0,0.8.0,de,germany_residential,08,Sanitär & Entwässerung,Dusche / Badewanne,24,Abdichtung unter Fliesen (Verbundabdichtung),plumbing_drainage,waterproofing_under_tiles_bonded_waterproofing,shower_bathtub,checklist_rating,DIN 18534,True,True,True,True,False,False,False,True,51,high,draft
DE-TDD-08-025,2.7.0,0.8.0,de,germany_residential,08,Sanitär & Entwässerung,Dusche / Badewanne,25,Duschvorhang / Glasabtrennung Funktion,plumbing_drainage,shower_curtain_glass_partition_function,shower_bathtub,checklist_rating,,True,True,True,True,False,False,False,True,51,high,draft
DE-TDD-08-026,2.7.0,0.8.0,de,germany_residential,08,Sanitär & Entwässerung,Fliesenspiegel / Wandbelag,26,"Fliesen: Risse, Abplatzungen, Hohlstellen",plumbing_drainage,tiles_cracks_spalling_hollow_spots,wall_tiles_splashback,checklist_rating,,True,True,True,True,False,False,False,True,51,high,draft
DE-TDD-08-027,2.7.0,0.8.0,de,germany_residential,08,Sanitär & Entwässerung,Fliesenspiegel / Wandbelag,27,"Fugen: Vollständig, schimmelfrei",plumbing_drainage,joints_complete_mould_free,wall_tiles_splashback,checklist_rating,,True,True,True,True,False,False,False,True,51,high,draft
DE-TDD-08-028,2.7.0,0.8.0,de,germany_residential,08,Sanitär & Entwässerung,Fliesenspiegel / Wandbelag,28,Bewegungsfugen vorhanden,plumbing_drainage,movement_joints_present,wall_tiles_splashback,checklist_rating,ZDB-Merkblatt,True,True,True,True,False,False,False,True,51,high,draft
DE-TDD-08-029,2.7.0,0.8.0,de,germany_residential,08,Sanitär & Entwässerung,Fliesenspiegel / Wandbelag,29,Fliesenspiegel Höhe ausreichend,plumbing_drainage,splashback_height_sufficient,wall_tiles_splashback,checklist_rating,,True,True,True,True,False,False,False,True,52,high,draft
DE-TDD-08-030,2.7.0,0.8.0,de,germany_residential,08,Sanitär & Entwässerung,WC / Toilette,30,"Spülkasten Funktion (Wassermenge, Stop-Taste)",plumbing_drainage,cistern_function_water_volume_stop_button,wc_toilet,checklist_rating,,True,True,True,True,False,False,False,True,52,high,draft
DE-TDD-08-031,2.7.0,0.8.0,de,germany_residential,08,Sanitär & Entwässerung,WC / Toilette,31,"WC-Befestigung fest, dichte Anschlüsse",plumbing_drainage,wc_fixing_tight_connections,wc_toilet,checklist_rating,,True,True,True,True,False,False,False,True,52,high,draft
DE-TDD-08-032,2.7.0,0.8.0,de,germany_residential,08,Sanitär & Entwässerung,WC / Toilette,32,Geruchsverschluss intakt,plumbing_drainage,wc_trap_intact,wc_toilet,checklist_rating,,True,True,True,True,False,False,False,True,52,high,draft
DE-TDD-08-033,2.7.0,0.8.0,de,germany_residential,08,Sanitär & Entwässerung,Lüftung Bäder,33,Fensterloses Bad → Lüfter Pflicht,plumbing_drainage,windowless_bathroom_fan_required,bathroom_ventilation,checklist_rating,DIN 18017-3,True,True,True,True,False,False,False,True,52,high,draft
DE-TDD-08-034,2.7.0,0.8.0,de,germany_residential,08,Sanitär & Entwässerung,Lüftung Bäder,34,Funktion Abluftventilator (Volumenstrom),plumbing_drainage,exhaust_fan_function_airflow,bathroom_ventilation,checklist_rating,DIN 1946-6,True,True,True,True,False,False,False,True,53,high,draft
DE-TDD-08-035,2.7.0,0.8.0,de,germany_residential,08,Sanitär & Entwässerung,Lüftung Bäder,35,Nachstrom-Öffnung Tür / Bodenfuge,plumbing_drainage,make_up_air_door_floor_gap,bathroom_ventilation,checklist_rating,,True,True,True,True,False,False,False,True,53,high,draft
DE-TDD-08-036,2.7.0,0.8.0,de,germany_residential,08,Sanitär & Entwässerung,Lüftung Bäder,36,Schimmelspuren als Indiz unzureichender Lüftung,plumbing_drainage,mould_indication_insufficient_ventilation,bathroom_ventilation,checklist_rating,,True,True,True,True,False,False,False,True,53,high,draft
DE-TDD-08-037,2.7.0,0.8.0,de,germany_residential,08,Sanitär & Entwässerung,Küche / Spüle,37,"Anschlüsse Spüle, Spülmaschine dicht",plumbing_drainage,sink_dishwasher_connections_tightness,kitchen_sink,checklist_rating,,True,True,True,True,False,False,False,True,53,high,draft
DE-TDD-08-038,2.7.0,0.8.0,de,germany_residential,08,Sanitär & Entwässerung,Küche / Spüle,38,Abluft Dunstabzug: Außenführung oder Umluft,plumbing_drainage,extractor_exhaust_external_or_recirc,kitchen_sink,checklist_rating,DIN 18017,True,True,True,True,False,False,False,True,53,high,draft
DE-TDD-08-039,2.7.0,0.8.0,de,germany_residential,08,Sanitär & Entwässerung,Küche / Spüle,39,Aquastopp bei Spülmaschine?,plumbing_drainage,dishwasher_aquastop,kitchen_sink,checklist_rating,,True,True,True,True,False,False,False,True,53,high,draft
DE-TDD-08-040,2.7.0,0.8.0,de,germany_residential,08,Sanitär & Entwässerung,Küche / Spüle,40,Wandanschluss Arbeitsplatte versiegelt,plumbing_drainage,worktop_wall_connection_sealed,kitchen_sink,checklist_rating,,True,True,True,True,False,False,False,True,54,high,draft
DE-TDD-09-001,2.7.0,0.9.0,de,germany_residential,09,Heizung & Warmwasser,Wärmeerzeuger,01,Anlagentyp (Gas / Öl / Wärmepumpe / Pellet / Fernwärme),heating_hot_water,heat_generator_type,heat_generation,checklist_rating,,True,True,True,True,False,False,False,True,55,high,draft
DE-TDD-09-002,2.7.0,0.9.0,de,germany_residential,09,Heizung & Warmwasser,Wärmeerzeuger,02,"Hersteller, Modell, Baujahr",heating_hot_water,manufacturer_model_year,heat_generation,checklist_rating,,True,True,True,True,False,False,False,True,55,high,draft
DE-TDD-09-003,2.7.0,0.9.0,de,germany_residential,09,Heizung & Warmwasser,Wärmeerzeuger,03,Nennleistung (kW),heating_hot_water,rated_output_kw,heat_generation,checklist_rating,,True,True,True,True,False,False,False,True,55,high,draft
DE-TDD-09-004,2.7.0,0.9.0,de,germany_residential,09,Heizung & Warmwasser,Wärmeerzeuger,04,Brennwert- oder Niedertemperaturkessel,heating_hot_water,condensing_or_low_temperature_boiler,heat_generation,checklist_rating,,True,True,True,True,False,False,False,True,55,high,draft
DE-TDD-09-005,2.7.0,0.9.0,de,germany_residential,09,Heizung & Warmwasser,Wärmeerzeuger,05,Alter Wärmeerzeuger (> 30 Jahre)?,heating_hot_water,heat_generator_age_over_30,heat_generation,checklist_rating,GEG § 72,True,True,True,True,False,False,False,True,55,high,draft
DE-TDD-09-006,2.7.0,0.9.0,de,germany_residential,09,Heizung & Warmwasser,Wärmeerzeuger,06,Austauschpflicht nach GEG geprüft,heating_hot_water,replacement_obligation_geg_checked,heat_generation,checklist_rating,GEG § 72,True,True,True,True,False,False,False,True,56,high,draft
DE-TDD-09-007,2.7.0,0.9.0,de,germany_residential,09,Heizung & Warmwasser,Wärmeerzeuger,07,Schornsteinfeger-Bescheinigung gültig,heating_hot_water,chimney_sweeper_certificate_valid,heat_generation,checklist_rating,1. BImSchV,True,True,True,True,False,False,False,True,56,high,draft
DE-TDD-09-008,2.7.0,0.9.0,de,germany_residential,09,Heizung & Warmwasser,Wärmeerzeuger,08,"Wartungszustand sichtbar (Sauberkeit, Beschriftung)",heating_hot_water,visible_maintenance_condition,heat_generation,checklist_rating,,True,True,True,True,False,False,False,True,56,high,draft
DE-TDD-09-009,2.7.0,0.9.0,de,germany_residential,09,Heizung & Warmwasser,Wärmeerzeuger,09,"Hinweise auf Leckagen (Wasser, Öl, Gasgeruch)",heating_hot_water,leakage_indications_water_oil_gas,heat_generation,checklist_rating,,True,True,True,True,False,False,False,True,56,high,draft
DE-TDD-09-010,2.7.0,0.9.0,de,germany_residential,09,Heizung & Warmwasser,Öl-Heizung (falls vorhanden),10,"Öltank: Material, Baujahr, doppelwandig",heating_hot_water,oil_tank_material_year_double_walled,oil_heating,checklist_rating,AwSV,True,True,True,True,False,False,False,True,56,high,draft
DE-TDD-09-011,2.7.0,0.9.0,de,germany_residential,09,Heizung & Warmwasser,Öl-Heizung (falls vorhanden),11,Auffangwanne / Leckanzeige,heating_hot_water,containment_tray_leak_indicator,oil_heating,checklist_rating,TRwS 791,True,True,True,True,False,False,False,True,56,high,draft
DE-TDD-09-012,2.7.0,0.9.0,de,germany_residential,09,Heizung & Warmwasser,Öl-Heizung (falls vorhanden),12,Tankanlage zugelassen (SV-Prüfung),heating_hot_water,approved_tank_system_expert_inspection,oil_heating,checklist_rating,AwSV,True,True,True,True,False,False,False,True,57,high,draft
DE-TDD-09-013,2.7.0,0.9.0,de,germany_residential,09,Heizung & Warmwasser,Öl-Heizung (falls vorhanden),13,Korrosion am Tank / Ventilen,heating_hot_water,tank_valve_corrosion,oil_heating,checklist_rating,,True,True,True,True,False,False,False,True,57,high,draft
DE-TDD-09-014,2.7.0,0.9.0,de,germany_residential,09,Heizung & Warmwasser,Öl-Heizung (falls vorhanden),14,Stilllegungsmöglichkeit (GEG 2024),heating_hot_water,decommissioning_option_geg_2024,oil_heating,checklist_rating,GEG,True,True,True,True,False,False,False,True,57,high,draft
DE-TDD-09-015,2.7.0,0.9.0,de,germany_residential,09,Heizung & Warmwasser,Gas-Heizung (falls vorhanden),15,"Gasleitung Material, Verlauf, Absperrung",heating_hot_water,gas_pipe_material_routing_shutoff,gas_heating,checklist_rating,DVGW-TRGI,True,True,True,True,False,False,False,True,57,high,draft
DE-TDD-09-016,2.7.0,0.9.0,de,germany_residential,09,Heizung & Warmwasser,Gas-Heizung (falls vorhanden),16,Brennwert: Kondensatableitung dicht,heating_hot_water,condensing_boiler_condensate_drain_tight,gas_heating,checklist_rating,DIN 1986-100,True,True,True,True,False,False,False,True,57,high,draft
DE-TDD-09-017,2.7.0,0.9.0,de,germany_residential,09,Heizung & Warmwasser,Gas-Heizung (falls vorhanden),17,"Abgasanlage: Material, Zustand",heating_hot_water,flue_system_material_condition,gas_heating,checklist_rating,DIN EN 13384,True,True,True,True,False,False,False,True,57,high,draft
DE-TDD-09-018,2.7.0,0.9.0,de,germany_residential,09,Heizung & Warmwasser,Gas-Heizung (falls vorhanden),18,CO-Melder vorhanden,heating_hot_water,co_detector_present,gas_heating,checklist_rating,,True,True,True,True,False,False,False,True,58,high,draft
DE-TDD-09-019,2.7.0,0.9.0,de,germany_residential,09,Heizung & Warmwasser,Gas-Heizung (falls vorhanden),19,Strömungssicherung / Abgasüberwachung,heating_hot_water,draught_diverter_flue_gas_monitoring,gas_heating,checklist_rating,,True,True,True,True,False,False,False,True,58,high,draft
DE-TDD-09-020,2.7.0,0.9.0,de,germany_residential,09,Heizung & Warmwasser,Wärmepumpe (falls vorhanden),20,Bauart (Luft / Sole / Wasser),heating_hot_water,heat_pump_type_air_brine_water,heat_pump,checklist_rating,,True,True,True,True,False,False,False,True,58,high,draft
DE-TDD-09-021,2.7.0,0.9.0,de,germany_residential,09,Heizung & Warmwasser,Wärmepumpe (falls vorhanden),21,"Außeneinheit: Aufstellort, Schallschutz",heating_hot_water,outdoor_unit_location_noise_protection,heat_pump,checklist_rating,TA Lärm,True,True,True,True,False,False,False,True,58,high,draft
DE-TDD-09-022,2.7.0,0.9.0,de,germany_residential,09,Heizung & Warmwasser,Wärmepumpe (falls vorhanden),22,Kältemittel (GWP-Wert dokumentiert),heating_hot_water,refrigerant_gwp_documented,heat_pump,checklist_rating,F-Gase-VO,True,True,True,True,False,False,False,True,58,high,draft
DE-TDD-09-023,2.7.0,0.9.0,de,germany_residential,09,Heizung & Warmwasser,Wärmepumpe (falls vorhanden),23,Pufferspeicher Volumen,heating_hot_water,buffer_storage_volume,heat_pump,checklist_rating,,True,True,True,True,False,False,False,True,58,high,draft
DE-TDD-09-024,2.7.0,0.9.0,de,germany_residential,09,Heizung & Warmwasser,Wärmepumpe (falls vorhanden),24,JAZ rechnerisch / gemessen,heating_hot_water,seasonal_performance_factor_calculated_measured,heat_pump,checklist_rating,,True,True,True,True,False,False,False,True,59,high,draft
DE-TDD-09-025,2.7.0,0.9.0,de,germany_residential,09,Heizung & Warmwasser,Wärmepumpe (falls vorhanden),25,Wartungsvertrag,heating_hot_water,maintenance_contract,heat_pump,checklist_rating,VDI 4645,True,True,True,True,False,False,False,True,59,high,draft
DE-TDD-09-026,2.7.0,0.9.0,de,germany_residential,09,Heizung & Warmwasser,Wärmeverteilung,26,"Heizkörper: Anzahl, Zustand, Lackierung",heating_hot_water,radiators_count_condition_coating,heat_distribution,checklist_rating,,True,True,True,True,False,False,False,True,59,high,draft
DE-TDD-09-027,2.7.0,0.9.0,de,germany_residential,09,Heizung & Warmwasser,Wärmeverteilung,27,"Fußbodenheizung: Funktion, Verteiler",heating_hot_water,underfloor_heating_function_manifold,heat_distribution,checklist_rating,DIN EN 1264,True,True,True,True,False,False,False,True,59,high,draft
DE-TDD-09-028,2.7.0,0.9.0,de,germany_residential,09,Heizung & Warmwasser,Wärmeverteilung,28,Hydraulischer Abgleich nachweisbar (Protokoll)?,heating_hot_water,hydraulic_balancing_protocol,heat_distribution,checklist_rating,VOB/C ATV 18380,True,True,True,True,False,False,False,True,59,high,draft
DE-TDD-09-029,2.7.0,0.9.0,de,germany_residential,09,Heizung & Warmwasser,Wärmeverteilung,29,Rohrleitungen gedämmt (GEG),heating_hot_water,pipe_insulation_geg,heat_distribution,checklist_rating,GEG Anlage 8,True,True,True,True,False,False,False,True,59,high,draft
DE-TDD-09-030,2.7.0,0.9.0,de,germany_residential,09,Heizung & Warmwasser,Wärmeverteilung,30,Heizungspumpe: Hocheffizienz?,heating_hot_water,high_efficiency_heating_pump,heat_distribution,checklist_rating,ErP-RL,True,True,True,True,False,False,False,True,60,high,draft
DE-TDD-09-031,2.7.0,0.9.0,de,germany_residential,09,Heizung & Warmwasser,Regelung / Thermostate,31,Heizungsregelung (außentemperaturgeführt),heating_hot_water,weather_compensated_heating_control,controls_thermostats,checklist_rating,GEG,True,True,True,True,False,False,False,True,60,high,draft
DE-TDD-09-032,2.7.0,0.9.0,de,germany_residential,09,Heizung & Warmwasser,Regelung / Thermostate,32,Einzelraumregelung (Thermostate),heating_hot_water,individual_room_control_thermostats,controls_thermostats,checklist_rating,GEG,True,True,True,True,False,False,False,True,60,high,draft
DE-TDD-09-033,2.7.0,0.9.0,de,germany_residential,09,Heizung & Warmwasser,Regelung / Thermostate,33,Smart-Home-Anbindung,heating_hot_water,smart_home_integration,controls_thermostats,checklist_rating,,True,True,True,True,False,False,False,True,60,high,draft
DE-TDD-09-034,2.7.0,0.9.0,de,germany_residential,09,Heizung & Warmwasser,Regelung / Thermostate,34,Heizkurve eingestellt / dokumentiert,heating_hot_water,heating_curve_set_documented,controls_thermostats,checklist_rating,,True,True,True,True,False,False,False,True,60,high,draft
DE-TDD-09-035,2.7.0,0.9.0,de,germany_residential,09,Heizung & Warmwasser,Warmwasser,35,Bereitung (zentral / dezentral / solar),heating_hot_water,hot_water_generation_central_decentral_solar,domestic_hot_water,checklist_rating,,True,True,True,True,False,False,False,True,61,high,draft
DE-TDD-09-036,2.7.0,0.9.0,de,germany_residential,09,Heizung & Warmwasser,Warmwasser,36,"Speichervolumen, Dämmung",heating_hot_water,hot_water_storage_volume_insulation,domestic_hot_water,checklist_rating,GEG,True,True,True,True,False,False,False,True,61,high,draft
DE-TDD-09-037,2.7.0,0.9.0,de,germany_residential,09,Heizung & Warmwasser,Warmwasser,37,Legionellenschaltung (≥ 60 °C),heating_hot_water,legionella_cycle_60c,domestic_hot_water,checklist_rating,DVGW W 551,True,True,True,True,False,False,False,True,61,high,draft
DE-TDD-09-038,2.7.0,0.9.0,de,germany_residential,09,Heizung & Warmwasser,Warmwasser,38,Zirkulationsleitung Funktion und Zeitprogramm,heating_hot_water,circulation_line_function_timer,domestic_hot_water,checklist_rating,DIN 1988-200,True,True,True,True,False,False,False,True,61,high,draft
DE-TDD-09-039,2.7.0,0.9.0,de,germany_residential,09,Heizung & Warmwasser,Warmwasser,39,Solaranlage / PV-Therm-Kombination,heating_hot_water,solar_pv_thermal_combination,domestic_hot_water,checklist_rating,,True,True,True,True,False,False,False,True,61,high,draft
DE-TDD-09-040,2.7.0,0.9.0,de,germany_residential,09,Heizung & Warmwasser,Abgasanlage / Schornstein,40,Material innen (Edelstahl / Kunststoff / Keramik),heating_hot_water,flue_inner_material,flue_chimney,checklist_rating,DIN EN 13384,True,True,True,True,False,False,False,True,61,high,draft
DE-TDD-09-041,2.7.0,0.9.0,de,germany_residential,09,Heizung & Warmwasser,Abgasanlage / Schornstein,41,Querschnittsberechnung dokumentiert,heating_hot_water,flue_cross_section_calculation_documented,flue_chimney,checklist_rating,,True,True,True,True,False,False,False,True,62,high,draft
DE-TDD-09-042,2.7.0,0.9.0,de,germany_residential,09,Heizung & Warmwasser,Abgasanlage / Schornstein,42,Reinigungsöffnungen,heating_hot_water,cleaning_openings,flue_chimney,checklist_rating,,True,True,True,True,False,False,False,True,62,high,draft
DE-TDD-09-043,2.7.0,0.9.0,de,germany_residential,09,Heizung & Warmwasser,Abgasanlage / Schornstein,43,Kondensatablauf bei Brennwert,heating_hot_water,condensate_drain_condensing,flue_chimney,checklist_rating,,True,True,True,True,False,False,False,True,62,high,draft
DE-TDD-09-044,2.7.0,0.9.0,de,germany_residential,09,Heizung & Warmwasser,Abgasanlage / Schornstein,44,Mehrfachbelegung zulässig?,heating_hot_water,multiple_occupancy_allowed,flue_chimney,checklist_rating,DIN V 18160,True,True,True,True,False,False,False,True,62,high,draft
DE-TDD-09-045,2.7.0,0.9.0,de,germany_residential,09,Heizung & Warmwasser,Dokumentation,45,Wartungsnachweise letzte 2 Jahre vorhanden,heating_hot_water,maintenance_records_last_two_years,heating_documentation,checklist_rating,,True,True,True,True,False,False,False,True,62,high,draft
DE-TDD-09-046,2.7.0,0.9.0,de,germany_residential,09,Heizung & Warmwasser,Dokumentation,46,Energieausweis vorhanden,heating_hot_water,energy_certificate_available,heating_documentation,checklist_rating,GEG § 80,True,True,True,True,False,False,False,True,62,high,draft
DE-TDD-10-001,2.7.0,1.0.0,de,germany_residential,10,Elektroinstallation,Haftungshinweis / Prüfumfang,01,Hinweis: KEINE Prüfung nach DIN VDE 0100-600 (Erstprüfung),electrical,no_initial_inspection_scope_note,electrical_scope_boundary,checklist_rating,DIN VDE 0100-600,True,True,True,True,False,False,False,True,64,high,draft
DE-TDD-10-002,2.7.0,1.0.0,de,germany_residential,10,Elektroinstallation,Haftungshinweis / Prüfumfang,02,Hinweis: KEINE Schleifenimpedanz-Messung durchgeführt,electrical,no_loop_impedance_measurement_note,electrical_scope_boundary,checklist_rating,DIN VDE 0100-410,True,True,True,True,False,False,False,True,64,high,draft
DE-TDD-10-003,2.7.0,1.0.0,de,germany_residential,10,Elektroinstallation,Haftungshinweis / Prüfumfang,03,Hinweis: KEINE FI-Funktionsprüfung mit Messgerät,electrical,no_rcd_measurement_note,electrical_scope_boundary,checklist_rating,,True,True,True,True,False,False,False,True,64,high,draft
DE-TDD-10-004,2.7.0,1.0.0,de,germany_residential,10,Elektroinstallation,Haftungshinweis / Prüfumfang,04,Empfehlung: E-Check durch zugelassenen Elektrofachbetrieb,electrical,e_check_recommendation,electrical_scope_boundary,checklist_rating,DIN VDE 0105-100,True,True,True,True,False,False,False,True,64,high,draft
DE-TDD-10-005,2.7.0,1.0.0,de,germany_residential,10,Elektroinstallation,Hausanschluss / Zählerschrank,05,Hausanschlusskasten zugänglich,electrical,service_connection_box_accessible,service_connection_meter_cabinet,checklist_rating,DIN 18012,True,True,True,True,False,False,False,True,65,high,draft
DE-TDD-10-006,2.7.0,1.0.0,de,germany_residential,10,Elektroinstallation,Hausanschluss / Zählerschrank,06,"Zählerschrank normgerecht (Bauart, Baujahr)",electrical,meter_cabinet_compliance_type_year,service_connection_meter_cabinet,checklist_rating,DIN VDE 0603 / TAB,True,True,True,True,False,False,False,True,65,high,draft
DE-TDD-10-007,2.7.0,1.0.0,de,germany_residential,10,Elektroinstallation,Hausanschluss / Zählerschrank,07,Anzahl Zähler / Tarife,electrical,meter_count_tariffs,service_connection_meter_cabinet,checklist_rating,,True,True,True,True,False,False,False,True,65,high,draft
DE-TDD-10-008,2.7.0,1.0.0,de,germany_residential,10,Elektroinstallation,Hausanschluss / Zählerschrank,08,Hauptpotentialausgleich vorhanden,electrical,main_equipotential_bonding,service_connection_meter_cabinet,checklist_rating,DIN VDE 0100-540,True,True,True,True,False,False,False,True,65,high,draft
DE-TDD-10-009,2.7.0,1.0.0,de,germany_residential,10,Elektroinstallation,Hausanschluss / Zählerschrank,09,Erdung dokumentiert (Fundamenterder?),electrical,earthing_documented_foundation_earth,service_connection_meter_cabinet,checklist_rating,DIN 18014,True,True,True,True,False,False,False,True,65,high,draft
DE-TDD-10-010,2.7.0,1.0.0,de,germany_residential,10,Elektroinstallation,Hausanschluss / Zählerschrank,10,Überspannungsschutz vorhanden (Typ 1 / 2 / 3),electrical,surge_protection_type_1_2_3,service_connection_meter_cabinet,checklist_rating,DIN VDE 0100-443 / -534,True,True,True,True,False,False,False,True,65,high,draft
DE-TDD-10-011,2.7.0,1.0.0,de,germany_residential,10,Elektroinstallation,Verteilung / Sicherungen,11,Sicherungsart (Schraubsicherung / Automat),electrical,fuse_type_screw_or_circuit_breaker,distribution_protection,checklist_rating,,True,True,True,True,False,False,False,True,66,high,draft
DE-TDD-10-012,2.7.0,1.0.0,de,germany_residential,10,Elektroinstallation,Verteilung / Sicherungen,12,FI / RCD-Schutzschalter 30 mA vorhanden,electrical,rcd_30ma_present,distribution_protection,checklist_rating,DIN VDE 0100-410,True,True,True,True,False,False,False,True,66,high,draft
DE-TDD-10-013,2.7.0,1.0.0,de,germany_residential,10,Elektroinstallation,Verteilung / Sicherungen,13,Trennung Stromkreise (Licht / Steckdosen / Geräte),electrical,circuit_separation_lighting_sockets_appliances,distribution_protection,checklist_rating,DIN VDE 0100,True,True,True,True,False,False,False,True,66,high,draft
DE-TDD-10-014,2.7.0,1.0.0,de,germany_residential,10,Elektroinstallation,Verteilung / Sicherungen,14,Beschriftung der Stromkreise,electrical,circuit_labelling,distribution_protection,checklist_rating,DIN VDE 0100-510,True,True,True,True,False,False,False,True,66,high,draft
DE-TDD-10-015,2.7.0,1.0.0,de,germany_residential,10,Elektroinstallation,Verteilung / Sicherungen,15,Reservebrücken / Platz für Erweiterung,electrical,spare_capacity_for_expansion,distribution_protection,checklist_rating,,True,True,True,True,False,False,False,True,66,high,draft
DE-TDD-10-016,2.7.0,1.0.0,de,germany_residential,10,Elektroinstallation,Verteilung / Sicherungen,16,E-Check / Prüfprotokoll vorhanden,electrical,e_check_test_protocol_available,distribution_protection,checklist_rating,DIN VDE 0105-100,True,True,True,True,False,False,False,True,66,high,draft
DE-TDD-10-017,2.7.0,1.0.0,de,germany_residential,10,Elektroinstallation,Leitungen (Risikoindikatoren),17,Stoffummantelte Leitungen vorhanden? (Vorkriegs-/Nachkriegszeit),electrical,cloth_sheathed_wiring,wiring_risk_indicators,checklist_rating,DIN VDE 0298,True,True,True,True,False,False,False,True,67,high,draft
DE-TDD-10-018,2.7.0,1.0.0,de,germany_residential,10,Elektroinstallation,Leitungen (Risikoindikatoren),18,Aluminium-Leitungen vorhanden? (Risiko Klemmstellen),electrical,aluminium_wiring,wiring_risk_indicators,checklist_rating,,True,True,True,True,False,False,False,True,67,high,draft
DE-TDD-10-019,2.7.0,1.0.0,de,germany_residential,10,Elektroinstallation,Leitungen (Risikoindikatoren),19,Klassische Verlegung erkennbar,electrical,legacy_wiring_layout,wiring_risk_indicators,checklist_rating,DIN VDE 0298,True,True,True,True,False,False,False,True,67,high,draft
DE-TDD-10-020,2.7.0,1.0.0,de,germany_residential,10,Elektroinstallation,Leitungen (Risikoindikatoren),20,Leitungsmaterial sonstige (NYM Cu),electrical,wiring_material_nym_cu,wiring_risk_indicators,checklist_rating,DIN VDE 0100,True,True,True,True,False,False,False,True,67,high,draft
DE-TDD-10-021,2.7.0,1.0.0,de,germany_residential,10,Elektroinstallation,Leitungen (Risikoindikatoren),21,Klemmstellen in Dosen ordnungsgemäß,electrical,junction_box_terminals_proper,wiring_risk_indicators,checklist_rating,,True,True,True,True,False,False,False,True,67,high,draft
DE-TDD-10-022,2.7.0,1.0.0,de,germany_residential,10,Elektroinstallation,Steckdosen / Schalter,22,Anzahl Steckdosen pro Raum ausreichend,electrical,socket_count_per_room,sockets_switches,checklist_rating,DIN 18015-2,True,True,True,True,False,False,False,True,67,high,draft
DE-TDD-10-023,2.7.0,1.0.0,de,germany_residential,10,Elektroinstallation,Steckdosen / Schalter,23,Schutzkontakt vorhanden / Polung,electrical,protective_contact_polarity,sockets_switches,checklist_rating,DIN VDE 0100,True,True,True,True,False,False,False,True,68,high,draft
DE-TDD-10-024,2.7.0,1.0.0,de,germany_residential,10,Elektroinstallation,Steckdosen / Schalter,24,"Steckdosen außen FI-geschützt, IP-Schutzart",electrical,external_sockets_rcd_ip_rating,sockets_switches,checklist_rating,DIN VDE 0100-704,True,True,True,True,False,False,False,True,68,high,draft
DE-TDD-10-025,2.7.0,1.0.0,de,germany_residential,10,Elektroinstallation,Steckdosen / Schalter,25,Bad: Schutzbereich-Konformität,electrical,bathroom_zone_compliance,sockets_switches,checklist_rating,DIN VDE 0100-701,True,True,True,True,False,False,False,True,68,high,draft
DE-TDD-10-026,2.7.0,1.0.0,de,germany_residential,10,Elektroinstallation,Steckdosen / Schalter,26,"Lichtschalter: Funktion, Höhe",electrical,light_switch_function_height,sockets_switches,checklist_rating,DIN 18040,True,True,True,True,False,False,False,True,68,high,draft
DE-TDD-10-027,2.7.0,1.0.0,de,germany_residential,10,Elektroinstallation,Beleuchtung,27,Deckenanschlüsse fest und sicher,electrical,ceiling_light_connections_safe,lighting,checklist_rating,,True,True,True,True,False,False,False,True,68,high,draft
DE-TDD-10-028,2.7.0,1.0.0,de,germany_residential,10,Elektroinstallation,Beleuchtung,28,"Außenbeleuchtung: Funktion, IP-Schutz",electrical,external_lighting_function_ip_rating,lighting,checklist_rating,,True,True,True,True,False,False,False,True,68,high,draft
DE-TDD-10-029,2.7.0,1.0.0,de,germany_residential,10,Elektroinstallation,Beleuchtung,29,Notbeleuchtung (bei Mehrfamilienhaus),electrical,emergency_lighting_multi_family,lighting,checklist_rating,ASR A3.4/3,True,True,True,True,False,False,False,True,69,high,draft
DE-TDD-10-030,2.7.0,1.0.0,de,germany_residential,10,Elektroinstallation,Information / Kommunikation,30,Telefon- / Datenanschluss (Glasfaser / Kupfer),electrical,telephone_data_connection,information_communication,checklist_rating,,True,True,True,True,False,False,False,True,69,high,draft
DE-TDD-10-031,2.7.0,1.0.0,de,germany_residential,10,Elektroinstallation,Information / Kommunikation,31,LAN-Verkabelung Cat 6 / 7 / 8,electrical,lan_cabling_cat_6_7_8,information_communication,checklist_rating,DIN EN 50173,True,True,True,True,False,False,False,True,69,high,draft
DE-TDD-10-032,2.7.0,1.0.0,de,germany_residential,10,Elektroinstallation,Information / Kommunikation,32,TV-Antenne / SAT / Kabelanschluss,electrical,tv_sat_cable_connection,information_communication,checklist_rating,,True,True,True,True,False,False,False,True,69,high,draft
DE-TDD-10-033,2.7.0,1.0.0,de,germany_residential,10,Elektroinstallation,Information / Kommunikation,33,Türsprechanlage Funktion,electrical,door_intercom_function,information_communication,checklist_rating,,True,True,True,True,False,False,False,True,69,high,draft
DE-TDD-10-034,2.7.0,1.0.0,de,germany_residential,10,Elektroinstallation,PV / Speicher / Wallbox,34,"PV-Anlage: Leistung (kWp), Baujahr",electrical,pv_system_capacity_year,pv_storage_wallbox,checklist_rating,VDE-AR-N 4105,True,True,True,True,False,False,False,True,70,high,draft
DE-TDD-10-035,2.7.0,1.0.0,de,germany_residential,10,Elektroinstallation,PV / Speicher / Wallbox,35,Anmeldung beim Netzbetreiber dokumentiert,electrical,grid_operator_registration_documented,pv_storage_wallbox,checklist_rating,,True,True,True,True,False,False,False,True,70,high,draft
DE-TDD-10-036,2.7.0,1.0.0,de,germany_residential,10,Elektroinstallation,PV / Speicher / Wallbox,36,"Batteriespeicher: Aufstellort, Brandschutz",electrical,battery_storage_location_fire_safety,pv_storage_wallbox,checklist_rating,VDE 2510,True,True,True,True,False,False,False,True,70,high,draft
DE-TDD-10-037,2.7.0,1.0.0,de,germany_residential,10,Elektroinstallation,PV / Speicher / Wallbox,37,"Wallbox: Leistung, Anmeldung > 11 kW",electrical,wallbox_capacity_registration_over_11kw,pv_storage_wallbox,checklist_rating,NAV § 19,True,True,True,True,False,False,False,True,70,high,draft
DE-TDD-10-038,2.7.0,1.0.0,de,germany_residential,10,Elektroinstallation,PV / Speicher / Wallbox,38,Lastmanagement vorhanden,electrical,load_management_present,pv_storage_wallbox,checklist_rating,,True,True,True,True,False,False,False,True,70,high,draft
DE-TDD-10-039,2.7.0,1.0.0,de,germany_residential,10,Elektroinstallation,Blitzschutz,39,Äußerer Blitzschutz vorhanden,electrical,external_lightning_protection,lightning_protection,checklist_rating,DIN EN 62305,True,True,True,True,False,False,False,True,70,high,draft
DE-TDD-10-040,2.7.0,1.0.0,de,germany_residential,10,Elektroinstallation,Blitzschutz,40,Innerer Blitzschutz (SPD),electrical,internal_lightning_protection_spd,lightning_protection,checklist_rating,DIN EN 62305-4,True,True,True,True,False,False,False,True,71,high,draft
DE-TDD-10-041,2.7.0,1.0.0,de,germany_residential,10,Elektroinstallation,Blitzschutz,41,Prüfprotokoll Blitzschutz,electrical,lightning_protection_test_protocol,lightning_protection,checklist_rating,,True,True,True,True,False,False,False,True,71,high,draft
DE-TDD-10-042,2.7.0,1.0.0,de,germany_residential,10,Elektroinstallation,Rauchmelder / Sicherheit,42,Rauchwarnmelder in Schlafräumen und Fluren,electrical,smoke_alarms_bedrooms_corridors,smoke_alarm_safety,checklist_rating,DIN 14676 / LBO,True,True,True,True,False,False,False,True,71,high,draft
DE-TDD-10-043,2.7.0,1.0.0,de,germany_residential,10,Elektroinstallation,Rauchmelder / Sicherheit,43,Vernetzte Rauchwarnmelder,electrical,networked_smoke_alarms,smoke_alarm_safety,checklist_rating,,True,True,True,True,False,False,False,True,71,high,draft
DE-TDD-10-044,2.7.0,1.0.0,de,germany_residential,10,Elektroinstallation,Rauchmelder / Sicherheit,44,Wartungsnachweis Rauchmelder,electrical,smoke_alarm_maintenance_record,smoke_alarm_safety,checklist_rating,DIN 14676,True,True,True,True,False,False,False,True,71,high,draft
DE-TDD-11-001,2.7.0,1.1.0,de,germany_residential,11,Energetischer Zustand,Energieausweis,01,Energieausweis liegt vor (Verbrauchs- / Bedarfsausweis),energy,energy_certificate_available,energy_certificate,checklist_rating,GEG § 80,True,True,True,True,False,False,False,True,72,high,draft
DE-TDD-11-002,2.7.0,1.1.0,de,germany_residential,11,Energetischer Zustand,Energieausweis,02,Energieeffizienzklasse (A+ bis H),energy,energy_efficiency_class,energy_certificate,checklist_rating,GEG,True,True,True,True,False,False,False,True,72,high,draft
DE-TDD-11-003,2.7.0,1.1.0,de,germany_residential,11,Energetischer Zustand,Energieausweis,03,Endenergie- / Primärenergiebedarf,energy,final_primary_energy_demand,energy_certificate,checklist_rating,,True,True,True,True,False,False,False,True,72,high,draft
DE-TDD-11-004,2.7.0,1.1.0,de,germany_residential,11,Energetischer Zustand,Energieausweis,04,Ausweis gültig (10 Jahre),energy,energy_certificate_validity,energy_certificate,checklist_rating,GEG § 79,True,True,True,True,False,False,False,True,72,high,draft
DE-TDD-11-005,2.7.0,1.1.0,de,germany_residential,11,Energetischer Zustand,Energieausweis,05,Modernisierungsempfehlungen enthalten,energy,modernization_recommendations_included,energy_certificate,checklist_rating,,True,True,True,True,False,False,False,True,72,high,draft
DE-TDD-11-006,2.7.0,1.1.0,de,germany_residential,11,Energetischer Zustand,Dämmung Gebäudehülle,06,"Außenwanddämmung (Material, Dicke ca.)",energy,external_wall_insulation,building_envelope_insulation,checklist_rating,GEG Anlage 1 / 7,True,True,True,True,False,False,False,True,73,high,draft
DE-TDD-11-007,2.7.0,1.1.0,de,germany_residential,11,Energetischer Zustand,Dämmung Gebäudehülle,07,Dachdämmung (Aufsparren / Zwischensparren),energy,roof_insulation,building_envelope_insulation,checklist_rating,,True,True,True,True,False,False,False,True,73,high,draft
DE-TDD-11-008,2.7.0,1.1.0,de,germany_residential,11,Energetischer Zustand,Dämmung Gebäudehülle,08,Kellerdeckendämmung von unten,energy,basement_ceiling_insulation,building_envelope_insulation,checklist_rating,,True,True,True,True,False,False,False,True,73,high,draft
DE-TDD-11-009,2.7.0,1.1.0,de,germany_residential,11,Energetischer Zustand,Dämmung Gebäudehülle,09,Bodenplatte gegen Erdreich gedämmt,energy,ground_slab_insulation,building_envelope_insulation,checklist_rating,,True,True,True,True,False,False,False,True,73,high,draft
DE-TDD-11-010,2.7.0,1.1.0,de,germany_residential,11,Energetischer Zustand,Dämmung Gebäudehülle,10,Oberste Geschossdecke (Speicherboden),energy,top_floor_ceiling_insulation,building_envelope_insulation,checklist_rating,GEG § 47,True,True,True,True,False,False,False,True,73,high,draft
DE-TDD-11-011,2.7.0,1.1.0,de,germany_residential,11,Energetischer Zustand,Dämmung Gebäudehülle,11,Heizkörpernischen gedämmt,energy,radiator_recesses_insulated,building_envelope_insulation,checklist_rating,,True,True,True,True,False,False,False,True,73,high,draft
DE-TDD-11-017,2.7.0,1.1.0,de,germany_residential,11,Energetischer Zustand,Wärmebrücken,17,Stoffliche WB (Beton in Mauerwerk),energy,material_thermal_bridges,thermal_bridges,checklist_rating,,True,True,True,True,False,False,False,True,75,high,draft
DE-TDD-11-018,2.7.0,1.1.0,de,germany_residential,11,Energetischer Zustand,Wärmebrücken,18,"Konstruktive WB (Balkonanker, Stürze)",energy,structural_thermal_bridges,thermal_bridges,checklist_rating,,True,True,True,True,False,False,False,True,75,high,draft
DE-TDD-11-019,2.7.0,1.1.0,de,germany_residential,11,Energetischer Zustand,Wärmebrücken,19,Auskragender Balkon ohne Isokorb,energy,cantilevered_balcony_without_thermal_break,thermal_bridges,checklist_rating,,True,True,True,True,False,False,False,True,75,high,draft
DE-TDD-11-020,2.7.0,1.1.0,de,germany_residential,11,Energetischer Zustand,Wärmebrücken,20,Rollladenkästen ungedämmt,energy,uninsulated_roller_shutter_boxes,thermal_bridges,checklist_rating,,True,True,True,True,False,False,False,True,75,high,draft
DE-TDD-11-021,2.7.0,1.1.0,de,germany_residential,11,Energetischer Zustand,Luftdichtheit,21,Hinweise auf Undichtigkeiten (Zugluft),energy,air_leakage_draught_indications,airtightness,checklist_rating,DIN 4108-7,True,True,True,True,False,False,False,True,75,high,draft
DE-TDD-11-022,2.7.0,1.1.0,de,germany_residential,11,Energetischer Zustand,Luftdichtheit,22,Blower-Door-Messung vorhanden,energy,blower_door_test_available,airtightness,checklist_rating,DIN EN ISO 9972,True,True,True,True,False,False,False,True,75,high,draft
DE-TDD-11-023,2.7.0,1.1.0,de,germany_residential,11,Energetischer Zustand,Luftdichtheit,23,Dichtigkeit Dampfsperre Dach,energy,roof_vapour_barrier_tightness,airtightness,checklist_rating,,True,True,True,True,False,False,False,True,76,high,draft
DE-TDD-11-024,2.7.0,1.1.0,de,germany_residential,11,Energetischer Zustand,Lüftungskonzept,24,Lüftungskonzept nach DIN 1946-6,energy,ventilation_concept,ventilation_concept,checklist_rating,DIN 1946-6,True,True,True,True,False,False,False,True,76,high,draft
DE-TDD-11-025,2.7.0,1.1.0,de,germany_residential,11,Energetischer Zustand,Lüftungskonzept,25,Kontrollierte Wohnraumlüftung (KWL) vorhanden?,energy,controlled_residential_ventilation,ventilation_concept,checklist_rating,,True,True,True,True,False,False,False,True,76,high,draft
DE-TDD-11-026,2.7.0,1.1.0,de,germany_residential,11,Energetischer Zustand,Lüftungskonzept,26,WRG-Wirkungsgrad,energy,heat_recovery_efficiency,ventilation_concept,checklist_rating,,True,True,True,True,False,False,False,True,76,high,draft
DE-TDD-11-027,2.7.0,1.1.0,de,germany_residential,11,Energetischer Zustand,Lüftungskonzept,27,"Filterzustand, Wartung der Anlage",energy,filter_condition_system_maintenance,ventilation_concept,checklist_rating,,True,True,True,True,False,False,False,True,76,high,draft
DE-TDD-11-028,2.7.0,1.1.0,de,germany_residential,11,Energetischer Zustand,Erneuerbare Energien,28,65 %-EE-Pflicht bei Heizungstausch,energy,renewable_energy_obligation_heating_replacement,renewable_energy,checklist_rating,GEG § 71,True,True,True,True,False,False,False,True,77,high,draft
DE-TDD-11-029,2.7.0,1.1.0,de,germany_residential,11,Energetischer Zustand,Erneuerbare Energien,29,PV-Pflicht (länderspezifisch),energy,pv_obligation_state_specific,renewable_energy,checklist_rating,,True,True,True,True,False,False,False,True,77,high,draft
DE-TDD-11-030,2.7.0,1.1.0,de,germany_residential,11,Energetischer Zustand,Erneuerbare Energien,30,Solarthermie vorhanden,energy,solar_thermal_available,renewable_energy,checklist_rating,,True,True,True,True,False,False,False,True,77,high,draft
DE-TDD-11-031,2.7.0,1.1.0,de,germany_residential,11,Energetischer Zustand,Modernisierungspotenzial,31,Sanierungsfahrplan iSFP vorhanden,energy,individual_renovation_roadmap_isfp,modernization_potential,checklist_rating,BAFA-RL,True,True,True,True,False,False,False,True,77,high,draft
DE-TDD-11-032,2.7.0,1.1.0,de,germany_residential,11,Energetischer Zustand,Modernisierungspotenzial,32,Förderfähige Maßnahmen (BEG),energy,eligible_subsidy_measures_beg,modernization_potential,checklist_rating,BEG EM / WG,True,True,True,True,False,False,False,True,77,high,draft
DE-TDD-11-033,2.7.0,1.1.0,de,germany_residential,11,Energetischer Zustand,Modernisierungspotenzial,33,Wirtschaftlichkeit Sanierung kalkulierbar,energy,renovation_economic_feasibility,modernization_potential,checklist_rating,,True,True,True,True,False,False,False,True,77,high,draft
DE-TDD-11-034,2.7.0,1.1.0,de,germany_residential,11,Energetischer Zustand,Kosten / Verbrauch,34,Heizkostenabrechnung letzte 3 Jahre,energy,heating_cost_bills_last_three_years,cost_consumption,checklist_rating,,True,True,True,True,False,False,False,True,78,high,draft
DE-TDD-11-035,2.7.0,1.1.0,de,germany_residential,11,Energetischer Zustand,Kosten / Verbrauch,35,Stromverbrauch letzte 3 Jahre,energy,electricity_consumption_last_three_years,cost_consumption,checklist_rating,,True,True,True,True,False,False,False,True,78,high,draft
DE-TDD-11-036,2.7.0,1.1.0,de,germany_residential,11,Energetischer Zustand,Kosten / Verbrauch,36,Wasserverbrauch letzte 3 Jahre,energy,water_consumption_last_three_years,cost_consumption,checklist_rating,,True,True,True,True,False,False,False,True,78,high,draft
DE-TDD-12-001,2.7.0,1.2.0,de,germany_residential,12,Brandschutz & Sicherheit,Rauchwarnmelder,01,Rauchwarnmelderpflicht im jeweiligen Bundesland erfüllt?,fire_safety,smoke_alarm_state_obligation,smoke_alarms,checklist_rating,LBO § 47/48/49,True,True,True,True,False,False,False,True,79,high,draft
DE-TDD-12-002,2.7.0,1.2.0,de,germany_residential,12,Brandschutz & Sicherheit,Rauchwarnmelder,02,Rauchwarnmelder in allen Schlafräumen,fire_safety,smoke_alarms_bedrooms,smoke_alarms,checklist_rating,DIN 14676 / LBO,True,True,True,True,False,False,False,True,79,high,draft
DE-TDD-12-003,2.7.0,1.2.0,de,germany_residential,12,Brandschutz & Sicherheit,Rauchwarnmelder,03,Rauchwarnmelder in Kinderzimmern,fire_safety,smoke_alarms_children_rooms,smoke_alarms,checklist_rating,DIN 14676,True,True,True,True,False,False,False,True,79,high,draft
DE-TDD-12-004,2.7.0,1.2.0,de,germany_residential,12,Brandschutz & Sicherheit,Rauchwarnmelder,04,Rauchwarnmelder in Fluren / Rettungswegen,fire_safety,smoke_alarms_corridors_escape_routes,smoke_alarms,checklist_rating,DIN 14676,True,True,True,True,False,False,False,True,79,high,draft
DE-TDD-12-005,2.7.0,1.2.0,de,germany_residential,12,Brandschutz & Sicherheit,Rauchwarnmelder,05,CE-Kennzeichnung (DIN EN 14604),fire_safety,ce_marking_smoke_alarm,smoke_alarms,checklist_rating,DIN EN 14604,True,True,True,True,False,False,False,True,79,high,draft
DE-TDD-12-012,2.7.0,1.2.0,de,germany_residential,12,Brandschutz & Sicherheit,Rettungswege / Feuerwehrzugang,12,"Brüstungshöhe Rettungsfenster ≤ 1,2 m",fire_safety,rescue_window_sill_height,escape_routes_fire_access,checklist_rating,LBO,True,True,True,True,False,False,False,True,81,high,draft
DE-TDD-12-013,2.7.0,1.2.0,de,germany_residential,12,Brandschutz & Sicherheit,Rettungswege / Feuerwehrzugang,13,Anleiterbarkeit Feuerwehr (Aufstellfläche),fire_safety,fire_department_ladder_access,escape_routes_fire_access,checklist_rating,DIN 14090,True,True,True,True,False,False,False,True,81,high,draft
DE-TDD-12-014,2.7.0,1.2.0,de,germany_residential,12,Brandschutz & Sicherheit,Rettungswege / Feuerwehrzugang,14,Treppenraum: Rauchabzug oben (RWA),fire_safety,stairwell_smoke_extraction,escape_routes_fire_access,checklist_rating,MBO § 35,True,True,True,True,False,False,False,True,81,high,draft
DE-TDD-12-015,2.7.0,1.2.0,de,germany_residential,12,Brandschutz & Sicherheit,Rettungswege / Feuerwehrzugang,15,Rettungswege freigehalten (Möbel / Lager)?,fire_safety,escape_routes_kept_clear,escape_routes_fire_access,checklist_rating,,True,True,True,True,False,False,False,True,81,high,draft
DE-TDD-12-016,2.7.0,1.2.0,de,germany_residential,12,Brandschutz & Sicherheit,Brandabschnitte / Brandabschottungen,16,Brandwand zum Nachbarn (DHH / RH / GbR),fire_safety,party_fire_wall,fire_compartments_sealings,checklist_rating,MBO § 30,True,True,True,True,False,False,False,True,81,high,draft
DE-TDD-12-017,2.7.0,1.2.0,de,germany_residential,12,Brandschutz & Sicherheit,Brandabschnitte / Brandabschottungen,17,Brandabschottung Leitungsdurchführungen (Wand / Decke),fire_safety,service_penetration_fire_sealing,fire_compartments_sealings,checklist_rating,MBO § 40 / MLAR,True,True,True,True,False,False,False,True,81,high,draft
DE-TDD-12-018,2.7.0,1.2.0,de,germany_residential,12,Brandschutz & Sicherheit,Brandabschnitte / Brandabschottungen,18,Brandabschottung Lüftungsleitungen / Brandschutzklappen,fire_safety,ventilation_fire_dampers,fire_compartments_sealings,checklist_rating,MLüAR,True,True,True,True,False,False,False,True,82,high,draft
DE-TDD-12-019,2.7.0,1.2.0,de,germany_residential,12,Brandschutz & Sicherheit,Brandabschnitte / Brandabschottungen,19,Türen zum Heizraum: T30-RS,fire_safety,boiler_room_door_t30_rs,fire_compartments_sealings,checklist_rating,MBO § 36 / FeuVO,True,True,True,True,False,False,False,True,82,high,draft
DE-TDD-12-020,2.7.0,1.2.0,de,germany_residential,12,Brandschutz & Sicherheit,Brandabschnitte / Brandabschottungen,20,Wohnungsabschlusstür bei MFH: T30 / RS,fire_safety,apartment_entrance_door_t30_rs,fire_compartments_sealings,checklist_rating,LBO / MBO,True,True,True,True,False,False,False,True,82,high,draft
DE-TDD-12-021,2.7.0,1.2.0,de,germany_residential,12,Brandschutz & Sicherheit,Brandabschnitte / Brandabschottungen,21,Kellertüren / Tiefgaragen-Übergang: T30-RS,fire_safety,basement_garage_transition_door_t30_rs,fire_compartments_sealings,checklist_rating,GaStellV / MBO,True,True,True,True,False,False,False,True,82,high,draft
DE-TDD-12-022,2.7.0,1.2.0,de,germany_residential,12,Brandschutz & Sicherheit,Brandschutztüren,22,Funktion Brandschutztüren (Selbstschließer),fire_safety,fire_door_self_closer_function,fire_doors,checklist_rating,DIN EN 1154,True,True,True,True,False,False,False,True,82,high,draft
DE-TDD-12-023,2.7.0,1.2.0,de,germany_residential,12,Brandschutz & Sicherheit,Brandschutztüren,23,Türen blockiert / festgekeilt?,fire_safety,fire_doors_blocked_wedged,fire_doors,checklist_rating,,True,True,True,True,False,False,False,True,82,high,draft
DE-TDD-12-024,2.7.0,1.2.0,de,germany_residential,12,Brandschutz & Sicherheit,Brandschutztüren,24,Türzulassung / CE-Kennzeichnung sichtbar,fire_safety,fire_door_approval_ce_marking,fire_doors,checklist_rating,DIN EN 16034,True,True,True,True,False,False,False,True,83,high,draft
DE-TDD-12-025,2.7.0,1.2.0,de,germany_residential,12,Brandschutz & Sicherheit,Brandschutztüren,25,Dichtungen / Anschlagdichtung intakt,fire_safety,fire_door_seals_intact,fire_doors,checklist_rating,,True,True,True,True,False,False,False,True,83,high,draft
DE-TDD-12-026,2.7.0,1.2.0,de,germany_residential,12,Brandschutz & Sicherheit,Feuerstätten,26,Kachelofen / Kamin: Abstand zu Brennbarem,fire_safety,stove_fireplace_clearance_to_combustibles,fireplaces,checklist_rating,FeuVO,True,True,True,True,False,False,False,True,83,high,draft
DE-TDD-12-027,2.7.0,1.2.0,de,germany_residential,12,Brandschutz & Sicherheit,Feuerstätten,27,Bodenplatte vor Feuerstätte (Funkenschutz),fire_safety,spark_protection_plate,fireplaces,checklist_rating,FeuVO,True,True,True,True,False,False,False,True,83,high,draft
DE-TDD-12-028,2.7.0,1.2.0,de,germany_residential,12,Brandschutz & Sicherheit,Feuerstätten,28,Schornsteinfeger-Bescheinigung aktuell,fire_safety,chimney_sweeper_certificate_current,fireplaces,checklist_rating,1. BImSchV,True,True,True,True,False,False,False,True,83,high,draft
DE-TDD-12-029,2.7.0,1.2.0,de,germany_residential,12,Brandschutz & Sicherheit,Feuerstätten,29,CO-Melder bei Festbrennstoff / Gas,fire_safety,co_detector_solid_fuel_gas,fireplaces,checklist_rating,DIN EN 50291,True,True,True,True,False,False,False,True,83,high,draft
DE-TDD-12-030,2.7.0,1.2.0,de,germany_residential,12,Brandschutz & Sicherheit,Elektrische Sicherheit (Brandlast),30,Sicherungsanlage zeitgemäß (FI / RCD),fire_safety,electrical_protection_modern_rcd,electrical_fire_load,checklist_rating,DIN VDE 0100,True,True,True,True,False,False,False,True,84,high,draft
DE-TDD-12-031,2.7.0,1.2.0,de,germany_residential,12,Brandschutz & Sicherheit,Elektrische Sicherheit (Brandlast),31,Keine improvisierten Verlängerungen / Mehrfachstecker,fire_safety,no_improvised_extensions_multi_plugs,electrical_fire_load,checklist_rating,,True,True,True,True,False,False,False,True,84,high,draft
DE-TDD-12-032,2.7.0,1.2.0,de,germany_residential,12,Brandschutz & Sicherheit,Elektrische Sicherheit (Brandlast),32,Heizgeräte sicher betrieben,fire_safety,portable_heaters_safe_operation,electrical_fire_load,checklist_rating,,True,True,True,True,False,False,False,True,84,high,draft
DE-TDD-12-033,2.7.0,1.2.0,de,germany_residential,12,Brandschutz & Sicherheit,Elektrische Sicherheit (Brandlast),33,Geräte / Akkus sachgerecht gelagert,fire_safety,devices_batteries_stored_properly,electrical_fire_load,checklist_rating,,True,True,True,True,False,False,False,True,84,high,draft
DE-TDD-12-034,2.7.0,1.2.0,de,germany_residential,12,Brandschutz & Sicherheit,PV-Anlage / Batteriespeicher (Brandschutz),34,Feuerwehrabschaltung (DC-Freischalter) vorhanden,fire_safety,pv_dc_firefighter_switch,pv_battery_fire_safety,checklist_rating,VDE-AR-E 2100-712,True,True,True,True,False,False,False,True,84,high,draft
DE-TDD-12-035,2.7.0,1.2.0,de,germany_residential,12,Brandschutz & Sicherheit,PV-Anlage / Batteriespeicher (Brandschutz),35,Kennzeichnung PV am Hausanschluss / Zählerschrank,fire_safety,pv_marking_service_connection_meter_cabinet,pv_battery_fire_safety,checklist_rating,VDE-AR-E 2100-712,True,True,True,True,False,False,False,True,85,high,draft
DE-TDD-12-036,2.7.0,1.2.0,de,germany_residential,12,Brandschutz & Sicherheit,PV-Anlage / Batteriespeicher (Brandschutz),36,Feuerwehrplan / Übersichtsplan PV-Anlage,fire_safety,pv_firefighter_overview_plan,pv_battery_fire_safety,checklist_rating,,True,True,True,True,False,False,False,True,85,high,draft
DE-TDD-12-037,2.7.0,1.2.0,de,germany_residential,12,Brandschutz & Sicherheit,PV-Anlage / Batteriespeicher (Brandschutz),37,Batteriespeicher: Aufstellort separat / Brandlast,fire_safety,battery_storage_separate_location_fire_load,pv_battery_fire_safety,checklist_rating,VDE 2510,True,True,True,True,False,False,False,True,85,high,draft
DE-TDD-12-038,2.7.0,1.2.0,de,germany_residential,12,Brandschutz & Sicherheit,PV-Anlage / Batteriespeicher (Brandschutz),38,Brandlasten-Trennung Batteriespeicher,fire_safety,battery_storage_fire_load_separation,pv_battery_fire_safety,checklist_rating,VDE 2510-50,True,True,True,True,False,False,False,True,85,high,draft
DE-TDD-12-039,2.7.0,1.2.0,de,germany_residential,12,Brandschutz & Sicherheit,PV-Anlage / Batteriespeicher (Brandschutz),39,Notabschaltung Batterie zugänglich,fire_safety,battery_emergency_shutdown_accessible,pv_battery_fire_safety,checklist_rating,,True,True,True,True,False,False,False,True,85,high,draft
DE-TDD-12-040,2.7.0,1.2.0,de,germany_residential,12,Brandschutz & Sicherheit,Einbruchschutz,40,RC-Klasse Haustür (Empfehlung RC 2),fire_safety,front_door_rc_class,burglary_protection,checklist_rating,DIN EN 1627,True,True,True,True,False,False,False,True,85,high,draft
DE-TDD-13-001,2.7.0,1.3.0,de,germany_residential,13,Schimmel & Feuchte,Raumklima-Messung,01,Lufttemperatur (°C),moisture_mould,air_temperature,indoor_climate_measurement,checklist_rating,DIN EN ISO 7730,True,True,True,True,False,False,False,True,88,high,draft
DE-TDD-13-002,2.7.0,1.3.0,de,germany_residential,13,Schimmel & Feuchte,Raumklima-Messung,02,Relative Luftfeuchte (%) — innen,moisture_mould,relative_humidity_inside,indoor_climate_measurement,checklist_rating,DIN EN ISO 7730,True,True,True,True,False,False,False,True,88,high,draft
DE-TDD-13-003,2.7.0,1.3.0,de,germany_residential,13,Schimmel & Feuchte,Raumklima-Messung,03,Absolute Luftfeuchte (g/m³),moisture_mould,absolute_humidity,indoor_climate_measurement,checklist_rating,,True,True,True,True,False,False,False,True,88,high,draft
DE-TDD-13-004,2.7.0,1.3.0,de,germany_residential,13,Schimmel & Feuchte,Raumklima-Messung,04,Taupunkttemperatur (°C),moisture_mould,dew_point_temperature,indoor_climate_measurement,checklist_rating,,True,True,True,True,False,False,False,True,88,high,draft
DE-TDD-13-005,2.7.0,1.3.0,de,germany_residential,13,Schimmel & Feuchte,Raumklima-Messung,05,Taupunktunterschreitung wahrscheinlich? (Sommerkondensation/Winter),moisture_mould,dew_point_undershoot_likely,indoor_climate_measurement,checklist_rating,DIN 4108-2,True,True,True,True,False,False,False,True,88,high,draft
DE-TDD-13-006,2.7.0,1.3.0,de,germany_residential,13,Schimmel & Feuchte,Raumklima-Messung,06,CO₂-Gehalt (ppm),moisture_mould,co2_concentration,indoor_climate_measurement,checklist_rating,DIN EN 16798-1,True,True,True,True,False,False,False,True,89,high,draft
DE-TDD-13-007,2.7.0,1.3.0,de,germany_residential,13,Schimmel & Feuchte,Oberflächentemperatur (IR),07,Außenwand Innenoberfläche (°C),moisture_mould,external_wall_internal_surface_temperature,surface_temperature_ir,checklist_rating,DIN 4108-2,True,True,True,True,False,False,False,True,89,high,draft
DE-TDD-13-008,2.7.0,1.3.0,de,germany_residential,13,Schimmel & Feuchte,Oberflächentemperatur (IR),08,"Oberflächentemperatur kritischer Bereiche (Ecken, Laibungen)",moisture_mould,critical_surface_temperature,surface_temperature_ir,checklist_rating,DIN 4108-2,True,True,True,True,False,False,False,True,89,high,draft
DE-TDD-13-009,2.7.0,1.3.0,de,germany_residential,13,Schimmel & Feuchte,Oberflächentemperatur (IR),09,Raumecken Boden / Decke (°C),moisture_mould,room_corners_floor_ceiling_temperature,surface_temperature_ir,checklist_rating,,True,True,True,True,False,False,False,True,89,high,draft
DE-TDD-13-010,2.7.0,1.3.0,de,germany_residential,13,Schimmel & Feuchte,Oberflächentemperatur (IR),10,Fensterlaibungen (°C),moisture_mould,window_reveals_temperature,surface_temperature_ir,checklist_rating,,True,True,True,True,False,False,False,True,89,high,draft
DE-TDD-13-011,2.7.0,1.3.0,de,germany_residential,13,Schimmel & Feuchte,Oberflächentemperatur (IR),11,"Temperaturfaktor fRsi ≥ 0,7",moisture_mould,temperature_factor_frsi,surface_temperature_ir,checklist_rating,DIN 4108-2,True,True,True,True,False,False,False,True,89,high,draft
DE-TDD-13-012,2.7.0,1.3.0,de,germany_residential,13,Schimmel & Feuchte,Wärmebrücken-Analyse,12,Wärmebrückenverdacht an Geometrie-Ecken,moisture_mould,thermal_bridge_geometry_corners,thermal_bridge_analysis,checklist_rating,DIN 4108-2 Bbl. 2,True,True,True,True,False,False,False,True,90,high,draft
DE-TDD-13-013,2.7.0,1.3.0,de,germany_residential,13,Schimmel & Feuchte,Wärmebrücken-Analyse,13,Wärmebrücke Balkonanschluss / Auskragung,moisture_mould,thermal_bridge_balcony_connection,thermal_bridge_analysis,checklist_rating,,True,True,True,True,False,False,False,True,90,high,draft
DE-TDD-13-014,2.7.0,1.3.0,de,germany_residential,13,Schimmel & Feuchte,Wärmebrücken-Analyse,14,Wärmebrücke Rollladenkasten,moisture_mould,thermal_bridge_roller_shutter_box,thermal_bridge_analysis,checklist_rating,,True,True,True,True,False,False,False,True,90,high,draft
DE-TDD-13-015,2.7.0,1.3.0,de,germany_residential,13,Schimmel & Feuchte,Wärmebrücken-Analyse,15,Wärmebrücke Sturz / Fensteranschluss,moisture_mould,thermal_bridge_lintel_window_connection,thermal_bridge_analysis,checklist_rating,,True,True,True,True,False,False,False,True,90,high,draft
DE-TDD-13-016,2.7.0,1.3.0,de,germany_residential,13,Schimmel & Feuchte,Wärmebrücken-Analyse,16,Thermografie-Aufnahme erforderlich?,moisture_mould,thermography_required,thermal_bridge_analysis,checklist_rating,,True,True,True,True,False,False,False,True,90,high,draft
DE-TDD-13-017,2.7.0,1.3.0,de,germany_residential,13,Schimmel & Feuchte,Baufeuchte-Messung,17,Wandfeuchte zerstörungsfrei (digital),moisture_mould,wall_moisture_non_destructive,building_moisture_measurement,checklist_rating,WTA 4-11,True,True,True,True,False,False,False,True,91,high,draft
DE-TDD-13-018,2.7.0,1.3.0,de,germany_residential,13,Schimmel & Feuchte,Baufeuchte-Messung,18,CM-Messung möglich / erforderlich?,moisture_mould,cm_measurement_possible_required,building_moisture_measurement,checklist_rating,WTA 4-11,True,True,True,True,False,False,False,True,91,high,draft
DE-TDD-13-019,2.7.0,1.3.0,de,germany_residential,13,Schimmel & Feuchte,Baufeuchte-Messung,19,Holzfeuchte (Dach / Boden / Wand),moisture_mould,wood_moisture_roof_floor_wall,building_moisture_measurement,checklist_rating,DIN EN 13183,True,True,True,True,False,False,False,True,91,high,draft
DE-TDD-13-020,2.7.0,1.3.0,de,germany_residential,13,Schimmel & Feuchte,Baufeuchte-Messung,20,Estrich-Restfeuchte (CM-Wert),moisture_mould,screed_residual_moisture_cm,building_moisture_measurement,checklist_rating,DIN 18560,True,True,True,True,False,False,False,True,91,high,draft
DE-TDD-13-021,2.7.0,1.3.0,de,germany_residential,13,Schimmel & Feuchte,Baufeuchte-Messung,21,Karbid-Messung bei Verdacht auf Aufstieg,moisture_mould,carbide_measurement_rising_damp_suspected,building_moisture_measurement,checklist_rating,,True,True,True,True,False,False,False,True,91,high,draft
DE-TDD-13-022,2.7.0,1.3.0,de,germany_residential,13,Schimmel & Feuchte,Schimmelbefall,22,"Sichtbarer Befall (Lage, Größe in m²)",moisture_mould,visible_mould_area_size,mould_infestation,checklist_rating,UBA-Schimmelleitfaden,True,True,True,True,False,False,False,True,91,high,draft
DE-TDD-13-023,2.7.0,1.3.0,de,germany_residential,13,Schimmel & Feuchte,Schimmelbefall,23,Befallart (Schwärze / grün / weiß),moisture_mould,mould_type_coloration,mould_infestation,checklist_rating,,True,True,True,True,False,False,False,True,92,high,draft
DE-TDD-13-024,2.7.0,1.3.0,de,germany_residential,13,Schimmel & Feuchte,Schimmelbefall,24,Geruchsbildung (modrig),moisture_mould,musty_odour,mould_infestation,checklist_rating,,True,True,True,True,False,False,False,True,92,high,draft
DE-TDD-13-025,2.7.0,1.3.0,de,germany_residential,13,Schimmel & Feuchte,Schimmelbefall,25,Wachstumsursache identifizierbar?,moisture_mould,growth_cause_identifiable,mould_infestation,checklist_rating,,True,True,True,True,False,False,False,True,92,high,draft
DE-TDD-13-026,2.7.0,1.3.0,de,germany_residential,13,Schimmel & Feuchte,Schimmelbefall,26,Befall hinter Möbeln / Tapeten,moisture_mould,mould_behind_furniture_wallpaper,mould_infestation,checklist_rating,,True,True,True,True,False,False,False,True,92,high,draft
DE-TDD-13-027,2.7.0,1.3.0,de,germany_residential,13,Schimmel & Feuchte,Schimmelbefall,27,Stockflecken als Vorstufe,moisture_mould,mildew_stains_precursor,mould_infestation,checklist_rating,,True,True,True,True,False,False,False,True,92,high,draft
DE-TDD-13-028,2.7.0,1.3.0,de,germany_residential,13,Schimmel & Feuchte,Lüftungsverhalten / Nutzung,28,Lüftungsverhalten Nutzer (Stoß-/Querlüftung erkennbar?),moisture_mould,user_ventilation_behaviour,ventilation_usage,checklist_rating,DIN 1946-6,True,True,True,True,False,False,False,True,92,high,draft
DE-TDD-13-029,2.7.0,1.3.0,de,germany_residential,13,Schimmel & Feuchte,Lüftungsverhalten / Nutzung,29,Anzahl Bewohner / Personen je m²,moisture_mould,occupant_density,ventilation_usage,checklist_rating,,True,True,True,True,False,False,False,True,93,high,draft
DE-TDD-13-030,2.7.0,1.3.0,de,germany_residential,13,Schimmel & Feuchte,Lüftungsverhalten / Nutzung,30,Wäschetrocknen in der Wohnung?,moisture_mould,laundry_drying_inside,ventilation_usage,checklist_rating,,True,True,True,True,False,False,False,True,93,high,draft
DE-TDD-13-031,2.7.0,1.3.0,de,germany_residential,13,Schimmel & Feuchte,Lüftungsverhalten / Nutzung,31,Aquarium / Zimmerpflanzen (Feuchteeintrag),moisture_mould,aquarium_plants_moisture_load,ventilation_usage,checklist_rating,,True,True,True,True,False,False,False,True,93,high,draft
DE-TDD-13-032,2.7.0,1.3.0,de,germany_residential,13,Schimmel & Feuchte,Lüftungsverhalten / Nutzung,32,Kochen ohne Abzugshaube?,moisture_mould,cooking_without_extractor,ventilation_usage,checklist_rating,,True,True,True,True,False,False,False,True,93,high,draft
DE-TDD-13-033,2.7.0,1.3.0,de,germany_residential,13,Schimmel & Feuchte,Lüftungsverhalten / Nutzung,33,Schlafzimmer mit geschlossener Tür/Fenster?,moisture_mould,bedroom_closed_door_window,ventilation_usage,checklist_rating,,True,True,True,True,False,False,False,True,93,high,draft
DE-TDD-13-034,2.7.0,1.3.0,de,germany_residential,13,Schimmel & Feuchte,Ursachenbetrachtung,34,Außenliegender Feuchteintrag (Dach / Fassade),moisture_mould,external_moisture_ingress_roof_facade,cause_analysis,checklist_rating,,True,True,True,True,False,False,False,True,93,high,draft
DE-TDD-13-041,2.7.0,1.3.0,de,germany_residential,13,Schimmel & Feuchte,Typische Risikozonen,41,Hinter Schränken Außenwand,moisture_mould,behind_cabinets_external_wall,typical_risk_zones,checklist_rating,,True,True,True,True,False,False,False,True,95,high,draft
DE-TDD-13-042,2.7.0,1.3.0,de,germany_residential,13,Schimmel & Feuchte,Typische Risikozonen,42,Bad ohne Fenster,moisture_mould,bathroom_without_window,typical_risk_zones,checklist_rating,DIN 18017-3,True,True,True,True,False,False,False,True,95,high,draft
DE-TDD-13-043,2.7.0,1.3.0,de,germany_residential,13,Schimmel & Feuchte,Typische Risikozonen,43,Kellerabgang / Treppenhaus,moisture_mould,basement_stairwell,typical_risk_zones,checklist_rating,,True,True,True,True,False,False,False,True,95,high,draft
DE-TDD-13-044,2.7.0,1.3.0,de,germany_residential,13,Schimmel & Feuchte,Typische Risikozonen,44,Fensterscheiben innen beschlagen morgens,moisture_mould,morning_internal_window_condensation,typical_risk_zones,checklist_rating,,True,True,True,True,False,False,False,True,95,high,draft
DE-TDD-13-045,2.7.0,1.3.0,de,germany_residential,13,Schimmel & Feuchte,Handlungsempfehlung,45,"Bagatellfall (< 0,5 m²) Selbst-Sanierung",moisture_mould,minor_case_self_remediation,recommendation,checklist_rating,UBA-Schimmelleitfaden,True,True,True,True,False,False,False,True,95,high,draft
DE-TDD-13-046,2.7.0,1.3.0,de,germany_residential,13,Schimmel & Feuchte,Handlungsempfehlung,46,Sanierung durch Fachfirma erforderlich,moisture_mould,professional_remediation_required,recommendation,checklist_rating,,True,True,True,True,False,False,False,True,95,high,draft
DE-TDD-14-001,2.7.0,1.4.0,de,germany_residential,14,Spezial Eigentumswohnung,Teilungserklärung (TE),01,Teilungserklärung mit Aufteilungsplan,condominium,declaration_of_division_plan,condominium_legal_documents,checklist_rating,WEG § 7,True,True,True,True,False,False,False,True,97,high,draft
DE-TDD-14-002,2.7.0,1.4.0,de,germany_residential,14,Spezial Eigentumswohnung,Teilungserklärung (TE),02,Sondereigentum eindeutig abgegrenzt,condominium,separate_property_defined,condominium_legal_documents,checklist_rating,WEG § 5,True,True,True,True,False,False,False,True,97,high,draft
DE-TDD-14-003,2.7.0,1.4.0,de,germany_residential,14,Spezial Eigentumswohnung,Teilungserklärung (TE),03,Sondernutzungsrechte aufgelistet,condominium,special_use_rights_listed,condominium_legal_documents,checklist_rating,WEG,True,True,True,True,False,False,False,True,97,high,draft
DE-TDD-14-004,2.7.0,1.4.0,de,germany_residential,14,Spezial Eigentumswohnung,Teilungserklärung (TE),04,Miteigentumsanteile (MEA) dokumentiert,condominium,co_ownership_shares_documented,condominium_legal_documents,checklist_rating,,True,True,True,True,False,False,False,True,97,high,draft
DE-TDD-14-005,2.7.0,1.4.0,de,germany_residential,14,Spezial Eigentumswohnung,Teilungserklärung (TE),05,Stimmrechte / Kostenverteilung definiert,condominium,voting_rights_cost_allocation_defined,condominium_legal_documents,checklist_rating,WEG § 16,True,True,True,True,False,False,False,True,97,high,draft
DE-TDD-14-012,2.7.0,1.4.0,de,germany_residential,14,Spezial Eigentumswohnung,Gemeinschafts- / Sondereigentum,12,Leitungen ab Abzweig zur Wohnung → SE,condominium,pipes_from_branch_to_unit_se,common_vs_private_property,checklist_rating,,True,True,True,True,False,False,False,True,99,high,draft
DE-TDD-14-013,2.7.0,1.4.0,de,germany_residential,14,Spezial Eigentumswohnung,Protokolle Eigentümerversammlung,13,Letzte 3 Jahre Protokolle eingesehen,condominium,minutes_last_three_years_reviewed,owners_meeting_records,checklist_rating,,True,True,True,True,False,False,False,True,99,high,draft
DE-TDD-14-014,2.7.0,1.4.0,de,germany_residential,14,Spezial Eigentumswohnung,Protokolle Eigentümerversammlung,14,Beschlussfassungen über Sanierungen,condominium,resolutions_on_renovations,owners_meeting_records,checklist_rating,,True,True,True,True,False,False,False,True,99,high,draft
DE-TDD-14-015,2.7.0,1.4.0,de,germany_residential,14,Spezial Eigentumswohnung,Protokolle Eigentümerversammlung,15,Offene Mängel der Gemeinschaft,condominium,open_common_property_defects,owners_meeting_records,checklist_rating,,True,True,True,True,False,False,False,True,99,high,draft
DE-TDD-14-016,2.7.0,1.4.0,de,germany_residential,14,Spezial Eigentumswohnung,Protokolle Eigentümerversammlung,16,Streitigkeiten / gerichtliche Verfahren,condominium,disputes_legal_proceedings,owners_meeting_records,checklist_rating,,True,True,True,True,False,False,False,True,99,high,draft
DE-TDD-14-017,2.7.0,1.4.0,de,germany_residential,14,Spezial Eigentumswohnung,Protokolle Eigentümerversammlung,17,Sonderumlagen beschlossen / geplant,condominium,special_assessments_resolved_planned,owners_meeting_records,checklist_rating,,True,True,True,True,False,False,False,True,99,high,draft
DE-TDD-14-018,2.7.0,1.4.0,de,germany_residential,14,Spezial Eigentumswohnung,Instandhaltungsrücklage,18,Höhe der Rücklage (€),condominium,maintenance_reserve_amount,reserve_fund,checklist_rating,WEG § 19,True,True,True,True,False,False,False,True,100,high,draft
DE-TDD-14-019,2.7.0,1.4.0,de,germany_residential,14,Spezial Eigentumswohnung,Instandhaltungsrücklage,19,Höhe pro Quadratmeter Wohnfläche,condominium,maintenance_reserve_per_sqm,reserve_fund,checklist_rating,,True,True,True,True,False,False,False,True,100,high,draft
DE-TDD-14-020,2.7.0,1.4.0,de,germany_residential,14,Spezial Eigentumswohnung,Instandhaltungsrücklage,20,Plan-Soll vs. Ist-Stand,condominium,reserve_plan_target_vs_actual,reserve_fund,checklist_rating,,True,True,True,True,False,False,False,True,100,high,draft
DE-TDD-14-021,2.7.0,1.4.0,de,germany_residential,14,Spezial Eigentumswohnung,Instandhaltungsrücklage,21,Mindestrücklage (BVI: 7–25 €/m²),condominium,minimum_reserve_bvi_range,reserve_fund,checklist_rating,,True,True,True,True,False,False,False,True,100,high,draft
DE-TDD-14-022,2.7.0,1.4.0,de,germany_residential,14,Spezial Eigentumswohnung,Instandhaltungsrücklage,22,Verzehr der Rücklage in letzten Jahren,condominium,reserve_consumption_recent_years,reserve_fund,checklist_rating,,True,True,True,True,False,False,False,True,100,high,draft
DE-TDD-14-035,2.7.0,1.4.0,de,germany_residential,14,Spezial Eigentumswohnung,Gemeinschaftseigentum Zustand,35,Dach (Pauschalbegutachtung),condominium,roof_general_assessment,common_property_condition,checklist_rating,,True,True,True,True,False,False,False,True,103,high,draft
DE-TDD-14-036,2.7.0,1.4.0,de,germany_residential,14,Spezial Eigentumswohnung,Gemeinschaftseigentum Zustand,36,Fassade (Pauschalbegutachtung),condominium,facade_general_assessment,common_property_condition,checklist_rating,,True,True,True,True,False,False,False,True,103,high,draft
DE-TDD-14-037,2.7.0,1.4.0,de,germany_residential,14,Spezial Eigentumswohnung,Gemeinschaftseigentum Zustand,37,Kellerräume / Wäschekeller / Trockenraum,condominium,basement_laundry_drying_rooms,common_property_condition,checklist_rating,,True,True,True,True,False,False,False,True,103,high,draft
DE-TDD-14-038,2.7.0,1.4.0,de,germany_residential,14,Spezial Eigentumswohnung,Besonderheiten ETW,38,Sondereigentum Garten / Terrasse: Pflegepflichten,condominium,special_property_garden_terrace_maintenance,condominium_special_features,checklist_rating,,True,True,True,True,False,False,False,True,103,high,draft
DE-TDD-14-039,2.7.0,1.4.0,de,germany_residential,14,Spezial Eigentumswohnung,Besonderheiten ETW,39,"Tiefgaragenstellplatz: Zustand, Brandschutz",condominium,underground_parking_space_condition_fire_safety,condominium_special_features,checklist_rating,GaStellV,True,True,True,True,False,False,False,True,103,high,draft
DE-TDD-14-040,2.7.0,1.4.0,de,germany_residential,14,Spezial Eigentumswohnung,Besonderheiten ETW,40,"Kellerverschlag: Größe, Belüftung",condominium,basement_storage_size_ventilation,condominium_special_features,checklist_rating,,True,True,True,True,False,False,False,True,103,high,draft
DE-TDD-14-041,2.7.0,1.4.0,de,germany_residential,14,Spezial Eigentumswohnung,Besonderheiten ETW,41,Aufzug erreicht Stellplatz / Wohnung,condominium,elevator_reaches_parking_unit,condominium_special_features,checklist_rating,DIN 18040,True,True,True,True,False,False,False,True,104,high,draft
DE-TDD-14-042,2.7.0,1.4.0,de,germany_residential,14,Spezial Eigentumswohnung,Versicherungen Gemeinschaft,42,Gebäudeversicherung Deckungsumfang,condominium,building_insurance_coverage,condominium_insurance,checklist_rating,,True,True,True,True,False,False,False,True,104,high,draft
DE-TDD-14-043,2.7.0,1.4.0,de,germany_residential,14,Spezial Eigentumswohnung,Versicherungen Gemeinschaft,43,Elementarschadenversicherung enthalten?,condominium,natural_hazard_insurance_included,condominium_insurance,checklist_rating,,True,True,True,True,False,False,False,True,104,high,draft
DE-TDD-14-044,2.7.0,1.4.0,de,germany_residential,14,Spezial Eigentumswohnung,Versicherungen Gemeinschaft,44,Haftpflicht der WEG,condominium,weg_liability_insurance,condominium_insurance,checklist_rating,,True,True,True,True,False,False,False,True,104,high,draft
DE-TDD-14-045,2.7.0,1.4.0,de,germany_residential,14,Spezial Eigentumswohnung,Versicherungen Gemeinschaft,45,Schadensfälle in letzten 5 Jahren,condominium,claims_last_five_years,condominium_insurance,checklist_rating,,True,True,True,True,False,False,False,True,104,high,draft
DE-TDD-15-001,2.7.0,1.5.0,de,germany_residential,15,Spezial Einfamilienhaus,Baurechtliche Situation,01,Baugenehmigung vorhanden,single_family_house,building_permit_available,building_law_status,checklist_rating,LBO,True,True,True,True,False,False,False,True,105,high,draft
DE-TDD-15-002,2.7.0,1.5.0,de,germany_residential,15,Spezial Einfamilienhaus,Baurechtliche Situation,02,Schlussabnahmebescheinigung,single_family_house,final_acceptance_certificate,building_law_status,checklist_rating,LBO,True,True,True,True,False,False,False,True,105,high,draft
DE-TDD-15-003,2.7.0,1.5.0,de,germany_residential,15,Spezial Einfamilienhaus,Baurechtliche Situation,03,Nutzungsänderungen genehmigt,single_family_house,approved_changes_of_use,building_law_status,checklist_rating,,True,True,True,True,False,False,False,True,105,high,draft
DE-TDD-15-004,2.7.0,1.5.0,de,germany_residential,15,Spezial Einfamilienhaus,Baurechtliche Situation,04,Bestandsschutz dokumentiert,single_family_house,grandfathering_documented,building_law_status,checklist_rating,,True,True,True,True,False,False,False,True,105,high,draft
DE-TDD-15-005,2.7.0,1.5.0,de,germany_residential,15,Spezial Einfamilienhaus,Baurechtliche Situation,05,Schwarzbauten / nicht genehmigte Anbauten,single_family_house,unapproved_extensions_structures,building_law_status,checklist_rating,,True,True,True,True,False,False,False,True,105,high,draft
DE-TDD-15-006,2.7.0,1.5.0,de,germany_residential,15,Spezial Einfamilienhaus,Baurechtliche Situation,06,Bebauungsplan eingesehen,single_family_house,development_plan_reviewed,building_law_status,checklist_rating,BauGB § 30,True,True,True,True,False,False,False,True,106,high,draft
DE-TDD-15-007,2.7.0,1.5.0,de,germany_residential,15,Spezial Einfamilienhaus,Grundstück / Grenzen,07,Lageplan / Katasterauszug aktuell,single_family_house,current_site_plan_cadastral_extract,plot_boundaries,checklist_rating,,True,True,True,True,False,False,False,True,106,high,draft
DE-TDD-15-008,2.7.0,1.5.0,de,germany_residential,15,Spezial Einfamilienhaus,Grundstück / Grenzen,08,Grenzsteine vor Ort verifiziert,single_family_house,boundary_markers_verified,plot_boundaries,checklist_rating,,True,True,True,True,False,False,False,True,106,high,draft
DE-TDD-15-009,2.7.0,1.5.0,de,germany_residential,15,Spezial Einfamilienhaus,Grundstück / Grenzen,09,Grenzabstände nach LBO eingehalten,single_family_house,boundary_distances_lbo_compliant,plot_boundaries,checklist_rating,LBO,True,True,True,True,False,False,False,True,106,high,draft
DE-TDD-15-010,2.7.0,1.5.0,de,germany_residential,15,Spezial Einfamilienhaus,Grundstück / Grenzen,10,Überbau (eigener oder fremder),single_family_house,encroachment_own_or_neighbour,plot_boundaries,checklist_rating,BGB § 912,True,True,True,True,False,False,False,True,106,high,draft
DE-TDD-15-011,2.7.0,1.5.0,de,germany_residential,15,Spezial Einfamilienhaus,Grundstück / Grenzen,11,Bauliche Anlagen an Grenze (Zustimmung?),single_family_house,structures_on_boundary_consent,plot_boundaries,checklist_rating,,True,True,True,True,False,False,False,True,106,high,draft
DE-TDD-15-012,2.7.0,1.5.0,de,germany_residential,15,Spezial Einfamilienhaus,Dienstbarkeiten / Grundbuch,12,Grundbuchauszug aktuell (≤ 6 Monate),single_family_house,current_land_register_extract,land_register_encumbrances,checklist_rating,,True,True,True,True,False,False,False,True,107,high,draft
DE-TDD-15-013,2.7.0,1.5.0,de,germany_residential,15,Spezial Einfamilienhaus,Dienstbarkeiten / Grundbuch,13,Abteilung II: Lasten und Beschränkungen,single_family_house,section_ii_encumbrances_restrictions,land_register_encumbrances,checklist_rating,,True,True,True,True,False,False,False,True,107,high,draft
DE-TDD-15-014,2.7.0,1.5.0,de,germany_residential,15,Spezial Einfamilienhaus,Dienstbarkeiten / Grundbuch,14,Wegerecht / Leitungsrecht eingetragen,single_family_house,right_of_way_or_pipe_right_registered,land_register_encumbrances,checklist_rating,BGB § 1018,True,True,True,True,False,False,False,True,107,high,draft
DE-TDD-15-015,2.7.0,1.5.0,de,germany_residential,15,Spezial Einfamilienhaus,Dienstbarkeiten / Grundbuch,15,Vorkaufsrechte,single_family_house,preemption_rights,land_register_encumbrances,checklist_rating,BGB § 1094,True,True,True,True,False,False,False,True,107,high,draft
DE-TDD-15-016,2.7.0,1.5.0,de,germany_residential,15,Spezial Einfamilienhaus,Dienstbarkeiten / Grundbuch,16,Reallasten / Wohnrechte / Nießbrauch,single_family_house,real_burdens_residence_right_usufruct,land_register_encumbrances,checklist_rating,,True,True,True,True,False,False,False,True,107,high,draft
DE-TDD-15-017,2.7.0,1.5.0,de,germany_residential,15,Spezial Einfamilienhaus,Dienstbarkeiten / Grundbuch,17,Abteilung III: Grundschulden / Hypotheken,single_family_house,section_iii_land_charges_mortgages,land_register_encumbrances,checklist_rating,,True,True,True,True,False,False,False,True,107,high,draft
DE-TDD-15-018,2.7.0,1.5.0,de,germany_residential,15,Spezial Einfamilienhaus,Erschließung,18,Wasseranschluss vorhanden,single_family_house,water_connection_available,site_utilities_access,checklist_rating,,True,True,True,True,False,False,False,True,108,high,draft
DE-TDD-15-019,2.7.0,1.5.0,de,germany_residential,15,Spezial Einfamilienhaus,Erschließung,19,Abwasseranschluss (öffentlich / Kleinkläranlage),single_family_house,wastewater_connection_public_small_treatment,site_utilities_access,checklist_rating,,True,True,True,True,False,False,False,True,108,high,draft
DE-TDD-15-020,2.7.0,1.5.0,de,germany_residential,15,Spezial Einfamilienhaus,Erschließung,20,Gasanschluss / Verfügbarkeit,single_family_house,gas_connection_availability,site_utilities_access,checklist_rating,,True,True,True,True,False,False,False,True,108,high,draft
DE-TDD-15-021,2.7.0,1.5.0,de,germany_residential,15,Spezial Einfamilienhaus,Erschließung,21,Stromanschluss Hauptzuleitung,single_family_house,electric_service_main_supply,site_utilities_access,checklist_rating,,True,True,True,True,False,False,False,True,108,high,draft
DE-TDD-15-022,2.7.0,1.5.0,de,germany_residential,15,Spezial Einfamilienhaus,Erschließung,22,Telekommunikation (Glasfaser / DSL),single_family_house,telecommunication_fibre_dsl,site_utilities_access,checklist_rating,,True,True,True,True,False,False,False,True,108,high,draft
DE-TDD-15-023,2.7.0,1.5.0,de,germany_residential,15,Spezial Einfamilienhaus,Erschließung,23,Erschließungsbeiträge gezahlt,single_family_house,development_contributions_paid,site_utilities_access,checklist_rating,BauGB § 127,True,True,True,True,False,False,False,True,108,high,draft
DE-TDD-15-024,2.7.0,1.5.0,de,germany_residential,15,Spezial Einfamilienhaus,Erschließung,24,Straßenausbaubeiträge (KAG),single_family_house,road_development_contributions_kag,site_utilities_access,checklist_rating,,True,True,True,True,False,False,False,True,109,high,draft
DE-TDD-15-025,2.7.0,1.5.0,de,germany_residential,15,Spezial Einfamilienhaus,Standsicherheit / Gründung,25,Statische Unterlagen vorhanden,single_family_house,structural_documents_available,structural_foundation,checklist_rating,DIN EN 1990,True,True,True,True,False,False,False,True,109,high,draft
DE-TDD-15-026,2.7.0,1.5.0,de,germany_residential,15,Spezial Einfamilienhaus,Standsicherheit / Gründung,26,Setzungsrisse Sockel / Wand,single_family_house,settlement_cracks_plinth_wall,structural_foundation,checklist_rating,,True,True,True,True,False,False,False,True,109,high,draft
DE-TDD-15-027,2.7.0,1.5.0,de,germany_residential,15,Spezial Einfamilienhaus,Standsicherheit / Gründung,27,Hangsicherung / Stützmauern,single_family_house,slope_stabilization_retaining_walls,structural_foundation,checklist_rating,DIN 1054,True,True,True,True,False,False,False,True,109,high,draft
DE-TDD-15-028,2.7.0,1.5.0,de,germany_residential,15,Spezial Einfamilienhaus,Standsicherheit / Gründung,28,Bauteilbewegungen messbar (Gipsmarker)?,single_family_house,component_movement_measurable_gypsum_marker,structural_foundation,checklist_rating,,True,True,True,True,False,False,False,True,109,high,draft
DE-TDD-15-029,2.7.0,1.5.0,de,germany_residential,15,Spezial Einfamilienhaus,Standsicherheit / Gründung,29,Trägertypen sichtbar / Lastabtrag plausibel,single_family_house,visible_beam_types_load_path_plausible,structural_foundation,checklist_rating,,True,True,True,True,False,False,False,True,109,high,draft
DE-TDD-15-030,2.7.0,1.5.0,de,germany_residential,15,Spezial Einfamilienhaus,Altlasten / Schadstoffe,30,Bodenaltlastenkataster eingesehen,single_family_house,contaminated_land_register_reviewed,contaminants_pollutants,checklist_rating,BBodSchG,True,True,True,True,False,False,False,True,110,high,draft
DE-TDD-15-031,2.7.0,1.5.0,de,germany_residential,15,Spezial Einfamilienhaus,Altlasten / Schadstoffe,31,Frühere Nutzung (Tankstelle / Industrie / Müll),single_family_house,former_use_petrol_station_industry_waste,contaminants_pollutants,checklist_rating,,True,True,True,True,False,False,False,True,110,high,draft
DE-TDD-15-032,2.7.0,1.5.0,de,germany_residential,15,Spezial Einfamilienhaus,Altlasten / Schadstoffe,32,Heizöltank-Altstandort,single_family_house,former_heating_oil_tank_location,contaminants_pollutants,checklist_rating,,True,True,True,True,False,False,False,True,110,high,draft
DE-TDD-15-033,2.7.0,1.5.0,de,germany_residential,15,Spezial Einfamilienhaus,Altlasten / Schadstoffe,33,"Asbest (Eternit, Floorflex, Spritzasbest)",single_family_house,asbestos_eternit_floorflex_sprayed_asbestos,contaminants_pollutants,checklist_rating,TRGS 519,True,True,True,True,False,False,False,True,110,high,draft
DE-TDD-15-034,2.7.0,1.5.0,de,germany_residential,15,Spezial Einfamilienhaus,Altlasten / Schadstoffe,34,"PCB (alte Fugendichtmassen, Anstriche)",single_family_house,pcb_old_joint_sealants_coatings,contaminants_pollutants,checklist_rating,PCB-RL,True,True,True,True,False,False,False,True,110,high,draft
DE-TDD-15-035,2.7.0,1.5.0,de,germany_residential,15,Spezial Einfamilienhaus,Altlasten / Schadstoffe,35,"PAK (Teerpappe, Parkettkleber)",single_family_house,pah_tar_paper_parquet_adhesive,contaminants_pollutants,checklist_rating,TRGS 524,True,True,True,True,False,False,False,True,110,high,draft
DE-TDD-16-001,2.7.0,1.6.0,de,germany_residential,16,Foto-Dokumentation,Strukturierte Beweissicherung,001,"Foto-Dokumentation Eintrag 001: Standort, Blickrichtung, Bauteil, Beschreibung/Befund, Bezug Liste, Datum/Uhrzeit, Dateiname/Cloud und Bemerkung erfassen.",photo_documentation,photo_record,evidence_upload,photo_documentation,,False,True,True,True,False,False,False,True,114,high,draft
DE-TDD-16-002,2.7.0,1.6.0,de,germany_residential,16,Foto-Dokumentation,Strukturierte Beweissicherung,002,"Foto-Dokumentation Eintrag 002: Standort, Blickrichtung, Bauteil, Beschreibung/Befund, Bezug Liste, Datum/Uhrzeit, Dateiname/Cloud und Bemerkung erfassen.",photo_documentation,photo_record,evidence_upload,photo_documentation,,False,True,True,True,False,False,False,True,114,high,draft
DE-TDD-16-003,2.7.0,1.6.0,de,germany_residential,16,Foto-Dokumentation,Strukturierte Beweissicherung,003,"Foto-Dokumentation Eintrag 003: Standort, Blickrichtung, Bauteil, Beschreibung/Befund, Bezug Liste, Datum/Uhrzeit, Dateiname/Cloud und Bemerkung erfassen.",photo_documentation,photo_record,evidence_upload,photo_documentation,,False,True,True,True,False,False,False,True,114,high,draft
DE-TDD-16-004,2.7.0,1.6.0,de,germany_residential,16,Foto-Dokumentation,Strukturierte Beweissicherung,004,"Foto-Dokumentation Eintrag 004: Standort, Blickrichtung, Bauteil, Beschreibung/Befund, Bezug Liste, Datum/Uhrzeit, Dateiname/Cloud und Bemerkung erfassen.",photo_documentation,photo_record,evidence_upload,photo_documentation,,False,True,True,True,False,False,False,True,114,high,draft
DE-TDD-16-005,2.7.0,1.6.0,de,germany_residential,16,Foto-Dokumentation,Strukturierte Beweissicherung,005,"Foto-Dokumentation Eintrag 005: Standort, Blickrichtung, Bauteil, Beschreibung/Befund, Bezug Liste, Datum/Uhrzeit, Dateiname/Cloud und Bemerkung erfassen.",photo_documentation,photo_record,evidence_upload,photo_documentation,,False,True,True,True,False,False,False,True,114,high,draft
DE-TDD-16-006,2.7.0,1.6.0,de,germany_residential,16,Foto-Dokumentation,Strukturierte Beweissicherung,006,"Foto-Dokumentation Eintrag 006: Standort, Blickrichtung, Bauteil, Beschreibung/Befund, Bezug Liste, Datum/Uhrzeit, Dateiname/Cloud und Bemerkung erfassen.",photo_documentation,photo_record,evidence_upload,photo_documentation,,False,True,True,True,False,False,False,True,114,high,draft
DE-TDD-16-007,2.7.0,1.6.0,de,germany_residential,16,Foto-Dokumentation,Strukturierte Beweissicherung,007,"Foto-Dokumentation Eintrag 007: Standort, Blickrichtung, Bauteil, Beschreibung/Befund, Bezug Liste, Datum/Uhrzeit, Dateiname/Cloud und Bemerkung erfassen.",photo_documentation,photo_record,evidence_upload,photo_documentation,,False,True,True,True,False,False,False,True,114,high,draft
DE-TDD-16-008,2.7.0,1.6.0,de,germany_residential,16,Foto-Dokumentation,Strukturierte Beweissicherung,008,"Foto-Dokumentation Eintrag 008: Standort, Blickrichtung, Bauteil, Beschreibung/Befund, Bezug Liste, Datum/Uhrzeit, Dateiname/Cloud und Bemerkung erfassen.",photo_documentation,photo_record,evidence_upload,photo_documentation,,False,True,True,True,False,False,False,True,114,high,draft
DE-TDD-16-009,2.7.0,1.6.0,de,germany_residential,16,Foto-Dokumentation,Strukturierte Beweissicherung,009,"Foto-Dokumentation Eintrag 009: Standort, Blickrichtung, Bauteil, Beschreibung/Befund, Bezug Liste, Datum/Uhrzeit, Dateiname/Cloud und Bemerkung erfassen.",photo_documentation,photo_record,evidence_upload,photo_documentation,,False,True,True,True,False,False,False,True,114,high,draft
DE-TDD-16-010,2.7.0,1.6.0,de,germany_residential,16,Foto-Dokumentation,Strukturierte Beweissicherung,010,"Foto-Dokumentation Eintrag 010: Standort, Blickrichtung, Bauteil, Beschreibung/Befund, Bezug Liste, Datum/Uhrzeit, Dateiname/Cloud und Bemerkung erfassen.",photo_documentation,photo_record,evidence_upload,photo_documentation,,False,True,True,True,False,False,False,True,114,high,draft
DE-TDD-16-011,2.7.0,1.6.0,de,germany_residential,16,Foto-Dokumentation,Strukturierte Beweissicherung,011,"Foto-Dokumentation Eintrag 011: Standort, Blickrichtung, Bauteil, Beschreibung/Befund, Bezug Liste, Datum/Uhrzeit, Dateiname/Cloud und Bemerkung erfassen.",photo_documentation,photo_record,evidence_upload,photo_documentation,,False,True,True,True,False,False,False,True,114,high,draft
DE-TDD-16-012,2.7.0,1.6.0,de,germany_residential,16,Foto-Dokumentation,Strukturierte Beweissicherung,012,"Foto-Dokumentation Eintrag 012: Standort, Blickrichtung, Bauteil, Beschreibung/Befund, Bezug Liste, Datum/Uhrzeit, Dateiname/Cloud und Bemerkung erfassen.",photo_documentation,photo_record,evidence_upload,photo_documentation,,False,True,True,True,False,False,False,True,114,high,draft
DE-TDD-16-013,2.7.0,1.6.0,de,germany_residential,16,Foto-Dokumentation,Strukturierte Beweissicherung,013,"Foto-Dokumentation Eintrag 013: Standort, Blickrichtung, Bauteil, Beschreibung/Befund, Bezug Liste, Datum/Uhrzeit, Dateiname/Cloud und Bemerkung erfassen.",photo_documentation,photo_record,evidence_upload,photo_documentation,,False,True,True,True,False,False,False,True,114,high,draft
DE-TDD-16-014,2.7.0,1.6.0,de,germany_residential,16,Foto-Dokumentation,Strukturierte Beweissicherung,014,"Foto-Dokumentation Eintrag 014: Standort, Blickrichtung, Bauteil, Beschreibung/Befund, Bezug Liste, Datum/Uhrzeit, Dateiname/Cloud und Bemerkung erfassen.",photo_documentation,photo_record,evidence_upload,photo_documentation,,False,True,True,True,False,False,False,True,114,high,draft
DE-TDD-16-015,2.7.0,1.6.0,de,germany_residential,16,Foto-Dokumentation,Strukturierte Beweissicherung,015,"Foto-Dokumentation Eintrag 015: Standort, Blickrichtung, Bauteil, Beschreibung/Befund, Bezug Liste, Datum/Uhrzeit, Dateiname/Cloud und Bemerkung erfassen.",photo_documentation,photo_record,evidence_upload,photo_documentation,,False,True,True,True,False,False,False,True,114,high,draft
DE-TDD-16-016,2.7.0,1.6.0,de,germany_residential,16,Foto-Dokumentation,Strukturierte Beweissicherung,016,"Foto-Dokumentation Eintrag 016: Standort, Blickrichtung, Bauteil, Beschreibung/Befund, Bezug Liste, Datum/Uhrzeit, Dateiname/Cloud und Bemerkung erfassen.",photo_documentation,photo_record,evidence_upload,photo_documentation,,False,True,True,True,False,False,False,True,115,high,draft
DE-TDD-16-017,2.7.0,1.6.0,de,germany_residential,16,Foto-Dokumentation,Strukturierte Beweissicherung,017,"Foto-Dokumentation Eintrag 017: Standort, Blickrichtung, Bauteil, Beschreibung/Befund, Bezug Liste, Datum/Uhrzeit, Dateiname/Cloud und Bemerkung erfassen.",photo_documentation,photo_record,evidence_upload,photo_documentation,,False,True,True,True,False,False,False,True,115,high,draft
DE-TDD-16-018,2.7.0,1.6.0,de,germany_residential,16,Foto-Dokumentation,Strukturierte Beweissicherung,018,"Foto-Dokumentation Eintrag 018: Standort, Blickrichtung, Bauteil, Beschreibung/Befund, Bezug Liste, Datum/Uhrzeit, Dateiname/Cloud und Bemerkung erfassen.",photo_documentation,photo_record,evidence_upload,photo_documentation,,False,True,True,True,False,False,False,True,115,high,draft
DE-TDD-16-019,2.7.0,1.6.0,de,germany_residential,16,Foto-Dokumentation,Strukturierte Beweissicherung,019,"Foto-Dokumentation Eintrag 019: Standort, Blickrichtung, Bauteil, Beschreibung/Befund, Bezug Liste, Datum/Uhrzeit, Dateiname/Cloud und Bemerkung erfassen.",photo_documentation,photo_record,evidence_upload,photo_documentation,,False,True,True,True,False,False,False,True,115,high,draft
DE-TDD-16-020,2.7.0,1.6.0,de,germany_residential,16,Foto-Dokumentation,Strukturierte Beweissicherung,020,"Foto-Dokumentation Eintrag 020: Standort, Blickrichtung, Bauteil, Beschreibung/Befund, Bezug Liste, Datum/Uhrzeit, Dateiname/Cloud und Bemerkung erfassen.",photo_documentation,photo_record,evidence_upload,photo_documentation,,False,True,True,True,False,False,False,True,115,high,draft
DE-TDD-16-021,2.7.0,1.6.0,de,germany_residential,16,Foto-Dokumentation,Strukturierte Beweissicherung,021,"Foto-Dokumentation Eintrag 021: Standort, Blickrichtung, Bauteil, Beschreibung/Befund, Bezug Liste, Datum/Uhrzeit, Dateiname/Cloud und Bemerkung erfassen.",photo_documentation,photo_record,evidence_upload,photo_documentation,,False,True,True,True,False,False,False,True,115,high,draft
DE-TDD-16-022,2.7.0,1.6.0,de,germany_residential,16,Foto-Dokumentation,Strukturierte Beweissicherung,022,"Foto-Dokumentation Eintrag 022: Standort, Blickrichtung, Bauteil, Beschreibung/Befund, Bezug Liste, Datum/Uhrzeit, Dateiname/Cloud und Bemerkung erfassen.",photo_documentation,photo_record,evidence_upload,photo_documentation,,False,True,True,True,False,False,False,True,115,high,draft
DE-TDD-16-023,2.7.0,1.6.0,de,germany_residential,16,Foto-Dokumentation,Strukturierte Beweissicherung,023,"Foto-Dokumentation Eintrag 023: Standort, Blickrichtung, Bauteil, Beschreibung/Befund, Bezug Liste, Datum/Uhrzeit, Dateiname/Cloud und Bemerkung erfassen.",photo_documentation,photo_record,evidence_upload,photo_documentation,,False,True,True,True,False,False,False,True,115,high,draft
DE-TDD-16-024,2.7.0,1.6.0,de,germany_residential,16,Foto-Dokumentation,Strukturierte Beweissicherung,024,"Foto-Dokumentation Eintrag 024: Standort, Blickrichtung, Bauteil, Beschreibung/Befund, Bezug Liste, Datum/Uhrzeit, Dateiname/Cloud und Bemerkung erfassen.",photo_documentation,photo_record,evidence_upload,photo_documentation,,False,True,True,True,False,False,False,True,115,high,draft
DE-TDD-16-025,2.7.0,1.6.0,de,germany_residential,16,Foto-Dokumentation,Strukturierte Beweissicherung,025,"Foto-Dokumentation Eintrag 025: Standort, Blickrichtung, Bauteil, Beschreibung/Befund, Bezug Liste, Datum/Uhrzeit, Dateiname/Cloud und Bemerkung erfassen.",photo_documentation,photo_record,evidence_upload,photo_documentation,,False,True,True,True,False,False,False,True,115,high,draft
DE-TDD-16-026,2.7.0,1.6.0,de,germany_residential,16,Foto-Dokumentation,Strukturierte Beweissicherung,026,"Foto-Dokumentation Eintrag 026: Standort, Blickrichtung, Bauteil, Beschreibung/Befund, Bezug Liste, Datum/Uhrzeit, Dateiname/Cloud und Bemerkung erfassen.",photo_documentation,photo_record,evidence_upload,photo_documentation,,False,True,True,True,False,False,False,True,115,high,draft
DE-TDD-16-027,2.7.0,1.6.0,de,germany_residential,16,Foto-Dokumentation,Strukturierte Beweissicherung,027,"Foto-Dokumentation Eintrag 027: Standort, Blickrichtung, Bauteil, Beschreibung/Befund, Bezug Liste, Datum/Uhrzeit, Dateiname/Cloud und Bemerkung erfassen.",photo_documentation,photo_record,evidence_upload,photo_documentation,,False,True,True,True,False,False,False,True,115,high,draft
DE-TDD-16-028,2.7.0,1.6.0,de,germany_residential,16,Foto-Dokumentation,Strukturierte Beweissicherung,028,"Foto-Dokumentation Eintrag 028: Standort, Blickrichtung, Bauteil, Beschreibung/Befund, Bezug Liste, Datum/Uhrzeit, Dateiname/Cloud und Bemerkung erfassen.",photo_documentation,photo_record,evidence_upload,photo_documentation,,False,True,True,True,False,False,False,True,115,high,draft
DE-TDD-16-029,2.7.0,1.6.0,de,germany_residential,16,Foto-Dokumentation,Strukturierte Beweissicherung,029,"Foto-Dokumentation Eintrag 029: Standort, Blickrichtung, Bauteil, Beschreibung/Befund, Bezug Liste, Datum/Uhrzeit, Dateiname/Cloud und Bemerkung erfassen.",photo_documentation,photo_record,evidence_upload,photo_documentation,,False,True,True,True,False,False,False,True,115,high,draft
DE-TDD-16-030,2.7.0,1.6.0,de,germany_residential,16,Foto-Dokumentation,Strukturierte Beweissicherung,030,"Foto-Dokumentation Eintrag 030: Standort, Blickrichtung, Bauteil, Beschreibung/Befund, Bezug Liste, Datum/Uhrzeit, Dateiname/Cloud und Bemerkung erfassen.",photo_documentation,photo_record,evidence_upload,photo_documentation,,False,True,True,True,False,False,False,True,115,high,draft
DE-TDD-17-001,2.7.0,1.7.0,de,germany_residential,17,Messwerte-Protokoll,Eingesetzte Messgeräte,G-01,"Eingesetztes Messgerät dokumentieren: Feuchtemessgerät (dielektrisch), Hersteller / Modell, Seriennummer und letzte Kalibrierung erfassen.",measurements,dielectric_moisture_meter,measurement_device_inventory,measurement_device_record,,False,True,False,True,False,False,False,True,116,high,draft
DE-TDD-17-002,2.7.0,1.7.0,de,germany_residential,17,Messwerte-Protokoll,Eingesetzte Messgeräte,G-02,"Eingesetztes Messgerät dokumentieren: Feuchtemessgerät (Widerstand), Hersteller / Modell, Seriennummer und letzte Kalibrierung erfassen.",measurements,resistance_moisture_meter,measurement_device_inventory,measurement_device_record,,False,True,False,True,False,False,False,True,116,high,draft
DE-TDD-17-003,2.7.0,1.7.0,de,germany_residential,17,Messwerte-Protokoll,Eingesetzte Messgeräte,G-03,"Eingesetztes Messgerät dokumentieren: IR-Wärmebildkamera, Hersteller / Modell, Seriennummer und letzte Kalibrierung erfassen.",measurements,ir_thermal_camera,measurement_device_inventory,measurement_device_record,,False,True,False,True,False,False,False,True,116,high,draft
DE-TDD-17-004,2.7.0,1.7.0,de,germany_residential,17,Messwerte-Protokoll,Eingesetzte Messgeräte,G-04,"Eingesetztes Messgerät dokumentieren: Thermo-Hygrometer, Hersteller / Modell, Seriennummer und letzte Kalibrierung erfassen.",measurements,thermo_hygrometer,measurement_device_inventory,measurement_device_record,,False,True,False,True,False,False,False,True,116,high,draft
DE-TDD-17-005,2.7.0,1.7.0,de,germany_residential,17,Messwerte-Protokoll,Eingesetzte Messgeräte,G-05,"Eingesetztes Messgerät dokumentieren: Sonstiges Messgerät, Hersteller / Modell, Seriennummer und letzte Kalibrierung erfassen.",measurements,other_measurement_device,measurement_device_inventory,measurement_device_record,,False,True,False,True,False,False,False,True,116,high,draft
DE-TDD-17-006,2.7.0,1.7.0,de,germany_residential,17,Messwerte-Protokoll,Feuchtemessungen,F-01,"Feuchtemessung F-01: Raum, Bauteil, Material, Gerät, Messwert, Einheit sowie Grenzwert / Bemerkung erfassen.",measurements,moisture_measurement_point,moisture_measurements,moisture_measurement,,False,True,True,True,False,False,False,True,116,high,draft
DE-TDD-17-007,2.7.0,1.7.0,de,germany_residential,17,Messwerte-Protokoll,Feuchtemessungen,F-02,"Feuchtemessung F-02: Raum, Bauteil, Material, Gerät, Messwert, Einheit sowie Grenzwert / Bemerkung erfassen.",measurements,moisture_measurement_point,moisture_measurements,moisture_measurement,,False,True,True,True,False,False,False,True,116,high,draft
DE-TDD-17-008,2.7.0,1.7.0,de,germany_residential,17,Messwerte-Protokoll,Feuchtemessungen,F-03,"Feuchtemessung F-03: Raum, Bauteil, Material, Gerät, Messwert, Einheit sowie Grenzwert / Bemerkung erfassen.",measurements,moisture_measurement_point,moisture_measurements,moisture_measurement,,False,True,True,True,False,False,False,True,116,high,draft
DE-TDD-17-009,2.7.0,1.7.0,de,germany_residential,17,Messwerte-Protokoll,Feuchtemessungen,F-04,"Feuchtemessung F-04: Raum, Bauteil, Material, Gerät, Messwert, Einheit sowie Grenzwert / Bemerkung erfassen.",measurements,moisture_measurement_point,moisture_measurements,moisture_measurement,,False,True,True,True,False,False,False,True,116,high,draft
DE-TDD-17-010,2.7.0,1.7.0,de,germany_residential,17,Messwerte-Protokoll,Feuchtemessungen,F-05,"Feuchtemessung F-05: Raum, Bauteil, Material, Gerät, Messwert, Einheit sowie Grenzwert / Bemerkung erfassen.",measurements,moisture_measurement_point,moisture_measurements,moisture_measurement,,False,True,True,True,False,False,False,True,116,high,draft
DE-TDD-17-011,2.7.0,1.7.0,de,germany_residential,17,Messwerte-Protokoll,Feuchtemessungen,F-06,"Feuchtemessung F-06: Raum, Bauteil, Material, Gerät, Messwert, Einheit sowie Grenzwert / Bemerkung erfassen.",measurements,moisture_measurement_point,moisture_measurements,moisture_measurement,,False,True,True,True,False,False,False,True,116,high,draft
DE-TDD-17-012,2.7.0,1.7.0,de,germany_residential,17,Messwerte-Protokoll,Feuchtemessungen,F-07,"Feuchtemessung F-07: Raum, Bauteil, Material, Gerät, Messwert, Einheit sowie Grenzwert / Bemerkung erfassen.",measurements,moisture_measurement_point,moisture_measurements,moisture_measurement,,False,True,True,True,False,False,False,True,116,high,draft
DE-TDD-17-013,2.7.0,1.7.0,de,germany_residential,17,Messwerte-Protokoll,Feuchtemessungen,F-08,"Feuchtemessung F-08: Raum, Bauteil, Material, Gerät, Messwert, Einheit sowie Grenzwert / Bemerkung erfassen.",measurements,moisture_measurement_point,moisture_measurements,moisture_measurement,,False,True,True,True,False,False,False,True,117,high,draft
DE-TDD-17-014,2.7.0,1.7.0,de,germany_residential,17,Messwerte-Protokoll,Feuchtemessungen,F-09,"Feuchtemessung F-09: Raum, Bauteil, Material, Gerät, Messwert, Einheit sowie Grenzwert / Bemerkung erfassen.",measurements,moisture_measurement_point,moisture_measurements,moisture_measurement,,False,True,True,True,False,False,False,True,117,high,draft
DE-TDD-17-015,2.7.0,1.7.0,de,germany_residential,17,Messwerte-Protokoll,Feuchtemessungen,F-10,"Feuchtemessung F-10: Raum, Bauteil, Material, Gerät, Messwert, Einheit sowie Grenzwert / Bemerkung erfassen.",measurements,moisture_measurement_point,moisture_measurements,moisture_measurement,,False,True,True,True,False,False,False,True,117,high,draft
DE-TDD-17-016,2.7.0,1.7.0,de,germany_residential,17,Messwerte-Protokoll,Feuchtemessungen,F-11,"Feuchtemessung F-11: Raum, Bauteil, Material, Gerät, Messwert, Einheit sowie Grenzwert / Bemerkung erfassen.",measurements,moisture_measurement_point,moisture_measurements,moisture_measurement,,False,True,True,True,False,False,False,True,117,high,draft
DE-TDD-17-017,2.7.0,1.7.0,de,germany_residential,17,Messwerte-Protokoll,Feuchtemessungen,F-12,"Feuchtemessung F-12: Raum, Bauteil, Material, Gerät, Messwert, Einheit sowie Grenzwert / Bemerkung erfassen.",measurements,moisture_measurement_point,moisture_measurements,moisture_measurement,,False,True,True,True,False,False,False,True,117,high,draft
DE-TDD-17-018,2.7.0,1.7.0,de,germany_residential,17,Messwerte-Protokoll,Thermografie / Oberflächentemperatur,T-01,"Thermografie / Oberflächentemperatur T-01: Bereich / Bauteil, Außentemperatur, Innentemperatur, Oberflächentemperatur, ∆T, fRsi und Auffälligkeit erfassen.",measurements,thermal_surface_temperature_point,thermography_surface_temperature,thermography_measurement,DIN 4108-2,False,True,True,True,False,False,False,True,118,high,draft
DE-TDD-17-019,2.7.0,1.7.0,de,germany_residential,17,Messwerte-Protokoll,Thermografie / Oberflächentemperatur,T-02,"Thermografie / Oberflächentemperatur T-02: Bereich / Bauteil, Außentemperatur, Innentemperatur, Oberflächentemperatur, ∆T, fRsi und Auffälligkeit erfassen.",measurements,thermal_surface_temperature_point,thermography_surface_temperature,thermography_measurement,DIN 4108-2,False,True,True,True,False,False,False,True,118,high,draft
DE-TDD-17-020,2.7.0,1.7.0,de,germany_residential,17,Messwerte-Protokoll,Thermografie / Oberflächentemperatur,T-03,"Thermografie / Oberflächentemperatur T-03: Bereich / Bauteil, Außentemperatur, Innentemperatur, Oberflächentemperatur, ∆T, fRsi und Auffälligkeit erfassen.",measurements,thermal_surface_temperature_point,thermography_surface_temperature,thermography_measurement,DIN 4108-2,False,True,True,True,False,False,False,True,118,high,draft
DE-TDD-17-021,2.7.0,1.7.0,de,germany_residential,17,Messwerte-Protokoll,Thermografie / Oberflächentemperatur,T-04,"Thermografie / Oberflächentemperatur T-04: Bereich / Bauteil, Außentemperatur, Innentemperatur, Oberflächentemperatur, ∆T, fRsi und Auffälligkeit erfassen.",measurements,thermal_surface_temperature_point,thermography_surface_temperature,thermography_measurement,DIN 4108-2,False,True,True,True,False,False,False,True,118,high,draft
DE-TDD-17-022,2.7.0,1.7.0,de,germany_residential,17,Messwerte-Protokoll,Thermografie / Oberflächentemperatur,T-05,"Thermografie / Oberflächentemperatur T-05: Bereich / Bauteil, Außentemperatur, Innentemperatur, Oberflächentemperatur, ∆T, fRsi und Auffälligkeit erfassen.",measurements,thermal_surface_temperature_point,thermography_surface_temperature,thermography_measurement,DIN 4108-2,False,True,True,True,False,False,False,True,118,high,draft
DE-TDD-17-023,2.7.0,1.7.0,de,germany_residential,17,Messwerte-Protokoll,Thermografie / Oberflächentemperatur,T-06,"Thermografie / Oberflächentemperatur T-06: Bereich / Bauteil, Außentemperatur, Innentemperatur, Oberflächentemperatur, ∆T, fRsi und Auffälligkeit erfassen.",measurements,thermal_surface_temperature_point,thermography_surface_temperature,thermography_measurement,DIN 4108-2,False,True,True,True,False,False,False,True,118,high,draft
DE-TDD-17-024,2.7.0,1.7.0,de,germany_residential,17,Messwerte-Protokoll,Thermografie / Oberflächentemperatur,T-07,"Thermografie / Oberflächentemperatur T-07: Bereich / Bauteil, Außentemperatur, Innentemperatur, Oberflächentemperatur, ∆T, fRsi und Auffälligkeit erfassen.",measurements,thermal_surface_temperature_point,thermography_surface_temperature,thermography_measurement,DIN 4108-2,False,True,True,True,False,False,False,True,118,high,draft
DE-TDD-17-025,2.7.0,1.7.0,de,germany_residential,17,Messwerte-Protokoll,Thermografie / Oberflächentemperatur,T-08,"Thermografie / Oberflächentemperatur T-08: Bereich / Bauteil, Außentemperatur, Innentemperatur, Oberflächentemperatur, ∆T, fRsi und Auffälligkeit erfassen.",measurements,thermal_surface_temperature_point,thermography_surface_temperature,thermography_measurement,DIN 4108-2,False,True,True,True,False,False,False,True,118,high,draft
DE-TDD-17-026,2.7.0,1.7.0,de,germany_residential,17,Messwerte-Protokoll,Thermografie / Oberflächentemperatur,T-09,"Thermografie / Oberflächentemperatur T-09: Bereich / Bauteil, Außentemperatur, Innentemperatur, Oberflächentemperatur, ∆T, fRsi und Auffälligkeit erfassen.",measurements,thermal_surface_temperature_point,thermography_surface_temperature,thermography_measurement,DIN 4108-2,False,True,True,True,False,False,False,True,118,high,draft
DE-TDD-17-027,2.7.0,1.7.0,de,germany_residential,17,Messwerte-Protokoll,Elektro-Sichtprüfung,E-01,"Elektro-Sichtprüfung: FI / RCD 30 mA im Zählerschrank. Vorhanden, Anzahl, Sichtprüfung OK und Bemerkung erfassen. Keine Messung nach DIN VDE 0100-600.",measurements,rcd_30ma_meter_cabinet,electrical_visual_check,electrical_visual_check,DIN VDE 0100-410,False,True,True,True,False,False,False,True,118,high,draft
DE-TDD-17-028,2.7.0,1.7.0,de,germany_residential,17,Messwerte-Protokoll,Elektro-Sichtprüfung,E-02,"Elektro-Sichtprüfung: Überspannungsschutz (SPD) Typ 1/2/3. Vorhanden, Anzahl, Sichtprüfung OK und Bemerkung erfassen. Keine Messung nach DIN VDE 0100-600.",measurements,surge_protection_spd,electrical_visual_check,electrical_visual_check,DIN VDE 0100-443 / -534,False,True,True,True,False,False,False,True,118,high,draft
DE-TDD-17-029,2.7.0,1.7.0,de,germany_residential,17,Messwerte-Protokoll,Elektro-Sichtprüfung,E-03,"Elektro-Sichtprüfung: Hauptpotentialausgleich erkennbar. Vorhanden, Anzahl, Sichtprüfung OK und Bemerkung erfassen. Keine Messung nach DIN VDE 0100-600.",measurements,main_equipotential_bonding,electrical_visual_check,electrical_visual_check,DIN VDE 0100-540,False,True,True,True,False,False,False,True,118,high,draft
DE-TDD-17-030,2.7.0,1.7.0,de,germany_residential,17,Messwerte-Protokoll,Elektro-Sichtprüfung,E-04,"Elektro-Sichtprüfung: Fundamenterder (Anschluss sichtbar). Vorhanden, Anzahl, Sichtprüfung OK und Bemerkung erfassen. Keine Messung nach DIN VDE 0100-600.",measurements,foundation_earth_connection_visible,electrical_visual_check,electrical_visual_check,DIN 18014,False,True,True,True,False,False,False,True,118,high,draft
DE-TDD-17-031,2.7.0,1.7.0,de,germany_residential,17,Messwerte-Protokoll,Elektro-Sichtprüfung,E-05,"Elektro-Sichtprüfung: Steckdosen Erdgeschoss (Bad/Außen) — FI. Vorhanden, Anzahl, Sichtprüfung OK und Bemerkung erfassen. Keine Messung nach DIN VDE 0100-600.",measurements,ground_floor_bath_external_sockets_rcd,electrical_visual_check,electrical_visual_check,DIN VDE 0100-701,False,True,True,True,False,False,False,True,118,high,draft
DE-TDD-17-032,2.7.0,1.7.0,de,germany_residential,17,Messwerte-Protokoll,Elektro-Sichtprüfung,E-06,"Elektro-Sichtprüfung: Schraubsicherungen (Diazed/Neozed). Vorhanden, Anzahl, Sichtprüfung OK und Bemerkung erfassen. Keine Messung nach DIN VDE 0100-600.",measurements,screw_fuses_diazed_neozed,electrical_visual_check,electrical_visual_check,,False,True,True,True,False,False,False,True,118,high,draft
DE-TDD-17-033,2.7.0,1.7.0,de,germany_residential,17,Messwerte-Protokoll,Elektro-Sichtprüfung,E-07,"Elektro-Sichtprüfung: Aluminium-Leitungen erkennbar. Vorhanden, Anzahl, Sichtprüfung OK und Bemerkung erfassen. Keine Messung nach DIN VDE 0100-600.",measurements,aluminium_wiring_visible,electrical_visual_check,electrical_visual_check,,False,True,True,True,False,False,False,True,118,high,draft
DE-TDD-17-034,2.7.0,1.7.0,de,germany_residential,17,Messwerte-Protokoll,Elektro-Sichtprüfung,E-08,"Elektro-Sichtprüfung: Stoffummantelte Leitungen erkennbar. Vorhanden, Anzahl, Sichtprüfung OK und Bemerkung erfassen. Keine Messung nach DIN VDE 0100-600.",measurements,cloth_sheathed_wiring_visible,electrical_visual_check,electrical_visual_check,,False,True,True,True,False,False,False,True,118,high,draft
DE-TDD-18-001,2.7.0,1.8.0,de,germany_residential,18,CAPEX & Wartungsstau,Geschätzte Restnutzungsdauer nach Bauteil,RUL-01,Restnutzungsdauer Dacheindeckung Ziegel/Beton erfassen.,capex,roof_covering_tiles_concrete,remaining_useful_life,remaining_useful_life,,True,True,True,True,False,False,False,True,119,high,draft
DE-TDD-18-002,2.7.0,1.8.0,de,germany_residential,18,CAPEX & Wartungsstau,Geschätzte Restnutzungsdauer nach Bauteil,RUL-02,Restnutzungsdauer Dachabdichtung Flachdach erfassen.,capex,flat_roof_waterproofing,remaining_useful_life,remaining_useful_life,,True,True,True,True,False,False,False,True,119,high,draft
DE-TDD-18-003,2.7.0,1.8.0,de,germany_residential,18,CAPEX & Wartungsstau,Geschätzte Restnutzungsdauer nach Bauteil,RUL-03,Restnutzungsdauer Fassade Putz/WDVS erfassen.,capex,facade_render_etics,remaining_useful_life,remaining_useful_life,,True,True,True,True,False,False,False,True,119,high,draft
DE-TDD-18-004,2.7.0,1.8.0,de,germany_residential,18,CAPEX & Wartungsstau,Geschätzte Restnutzungsdauer nach Bauteil,RUL-04,Restnutzungsdauer Fenster Holz / Kunststoff / Alu erfassen.,capex,windows,remaining_useful_life,remaining_useful_life,,True,True,True,True,False,False,False,True,119,high,draft
DE-TDD-18-005,2.7.0,1.8.0,de,germany_residential,18,CAPEX & Wartungsstau,Geschätzte Restnutzungsdauer nach Bauteil,RUL-05,Restnutzungsdauer Außentüren / Haustür erfassen.,capex,external_doors,remaining_useful_life,remaining_useful_life,,True,True,True,True,False,False,False,True,119,high,draft
DE-TDD-18-006,2.7.0,1.8.0,de,germany_residential,18,CAPEX & Wartungsstau,Geschätzte Restnutzungsdauer nach Bauteil,RUL-06,Restnutzungsdauer Heizungsanlage / Wärmeerzeuger erfassen.,capex,heat_generator,remaining_useful_life,remaining_useful_life,,True,True,True,True,False,False,False,True,119,high,draft
DE-TDD-18-007,2.7.0,1.8.0,de,germany_residential,18,CAPEX & Wartungsstau,Geschätzte Restnutzungsdauer nach Bauteil,RUL-07,Restnutzungsdauer Heizkörper / Rohrleitungen erfassen.,capex,radiators_heating_pipes,remaining_useful_life,remaining_useful_life,,True,True,True,True,False,False,False,True,119,high,draft
DE-TDD-18-008,2.7.0,1.8.0,de,germany_residential,18,CAPEX & Wartungsstau,Geschätzte Restnutzungsdauer nach Bauteil,RUL-08,Restnutzungsdauer Warmwasserspeicher erfassen.,capex,hot_water_storage,remaining_useful_life,remaining_useful_life,,True,True,True,True,False,False,False,True,119,high,draft
DE-TDD-18-009,2.7.0,1.8.0,de,germany_residential,18,CAPEX & Wartungsstau,Geschätzte Restnutzungsdauer nach Bauteil,RUL-09,Restnutzungsdauer Elektroinstallation erfassen.,capex,electrical_installation,remaining_useful_life,remaining_useful_life,,True,True,True,True,False,False,False,True,119,high,draft
DE-TDD-18-010,2.7.0,1.8.0,de,germany_residential,18,CAPEX & Wartungsstau,Geschätzte Restnutzungsdauer nach Bauteil,RUL-10,Restnutzungsdauer Sanitärinstallation / Leitungen erfassen.,capex,sanitary_pipes,remaining_useful_life,remaining_useful_life,,True,True,True,True,False,False,False,True,119,high,draft
DE-TDD-18-011,2.7.0,1.8.0,de,germany_residential,18,CAPEX & Wartungsstau,Geschätzte Restnutzungsdauer nach Bauteil,RUL-11,Restnutzungsdauer Sanitärobjekte erfassen.,capex,sanitary_fixtures,remaining_useful_life,remaining_useful_life,,True,True,True,True,False,False,False,True,119,high,draft
DE-TDD-18-012,2.7.0,1.8.0,de,germany_residential,18,CAPEX & Wartungsstau,Geschätzte Restnutzungsdauer nach Bauteil,RUL-12,Restnutzungsdauer Bodenbeläge Parkett / Laminat erfassen.,capex,flooring_wood_laminate,remaining_useful_life,remaining_useful_life,,True,True,True,True,False,False,False,True,119,high,draft
DE-TDD-18-013,2.7.0,1.8.0,de,germany_residential,18,CAPEX & Wartungsstau,Geschätzte Restnutzungsdauer nach Bauteil,RUL-13,Restnutzungsdauer Bodenbeläge Fliesen erfassen.,capex,flooring_tiles,remaining_useful_life,remaining_useful_life,,True,True,True,True,False,False,False,True,119,high,draft
DE-TDD-18-014,2.7.0,1.8.0,de,germany_residential,18,CAPEX & Wartungsstau,Geschätzte Restnutzungsdauer nach Bauteil,RUL-14,Restnutzungsdauer Innentüren erfassen.,capex,internal_doors,remaining_useful_life,remaining_useful_life,,True,True,True,True,False,False,False,True,119,high,draft
DE-TDD-18-015,2.7.0,1.8.0,de,germany_residential,18,CAPEX & Wartungsstau,Geschätzte Restnutzungsdauer nach Bauteil,RUL-15,Restnutzungsdauer Estrich erfassen.,capex,screed,remaining_useful_life,remaining_useful_life,,True,True,True,True,False,False,False,True,119,high,draft
DE-TDD-18-016,2.7.0,1.8.0,de,germany_residential,18,CAPEX & Wartungsstau,Geschätzte Restnutzungsdauer nach Bauteil,RUL-16,Restnutzungsdauer Innenputz / Tapeten / Anstrich erfassen.,capex,interior_finishes,remaining_useful_life,remaining_useful_life,,True,True,True,True,False,False,False,True,120,high,draft
DE-TDD-18-017,2.7.0,1.8.0,de,germany_residential,18,CAPEX & Wartungsstau,Wartungs- und Instandhaltungsstau,WS-01,Wartungsstau Heizungswartung jährlich erfassen.,capex,heating_maintenance,maintenance_backlog,maintenance_backlog,,True,True,True,True,False,False,False,True,121,high,draft
DE-TDD-18-018,2.7.0,1.8.0,de,germany_residential,18,CAPEX & Wartungsstau,Wartungs- und Instandhaltungsstau,WS-02,Wartungsstau Schornsteinfeger / Feuerstättenschau erfassen.,capex,chimney_sweeper_fireplace_inspection,maintenance_backlog,maintenance_backlog,,True,True,True,True,False,False,False,True,121,high,draft
DE-TDD-18-019,2.7.0,1.8.0,de,germany_residential,18,CAPEX & Wartungsstau,Wartungs- und Instandhaltungsstau,WS-03,Wartungsstau Lüftungsanlage / KWL-Filter erfassen.,capex,ventilation_kwl_filter_maintenance,maintenance_backlog,maintenance_backlog,,True,True,True,True,False,False,False,True,121,high,draft
DE-TDD-18-020,2.7.0,1.8.0,de,germany_residential,18,CAPEX & Wartungsstau,Wartungs- und Instandhaltungsstau,WS-04,Wartungsstau Reinigung Dachrinnen / Fallrohre erfassen.,capex,gutter_downpipe_cleaning,maintenance_backlog,maintenance_backlog,,True,True,True,True,False,False,False,True,121,high,draft
DE-TDD-18-021,2.7.0,1.8.0,de,germany_residential,18,CAPEX & Wartungsstau,Wartungs- und Instandhaltungsstau,WS-05,Wartungsstau Rückstauklappe erfassen.,capex,backwater_valve_maintenance,maintenance_backlog,maintenance_backlog,,True,True,True,True,False,False,False,True,121,high,draft
DE-TDD-18-022,2.7.0,1.8.0,de,germany_residential,18,CAPEX & Wartungsstau,Wartungs- und Instandhaltungsstau,WS-06,Wartungsstau Rauchwarnmelder nach DIN 14676 erfassen.,capex,smoke_alarm_maintenance,maintenance_backlog,maintenance_backlog,,True,True,True,True,False,False,False,True,121,high,draft
DE-TDD-18-023,2.7.0,1.8.0,de,germany_residential,18,CAPEX & Wartungsstau,Wartungs- und Instandhaltungsstau,WS-07,Wartungsstau Hebeanlage erfassen.,capex,lifting_station_maintenance,maintenance_backlog,maintenance_backlog,,True,True,True,True,False,False,False,True,121,high,draft
DE-TDD-18-024,2.7.0,1.8.0,de,germany_residential,18,CAPEX & Wartungsstau,Wartungs- und Instandhaltungsstau,WS-08,Wartungsstau Blitzschutz erfassen.,capex,lightning_protection_maintenance,maintenance_backlog,maintenance_backlog,,True,True,True,True,False,False,False,True,121,high,draft
DE-TDD-18-025,2.7.0,1.8.0,de,germany_residential,18,CAPEX & Wartungsstau,Wartungs- und Instandhaltungsstau,WS-09,Wartungsstau Aufzug / TÜV erfassen.,capex,elevator_inspection_maintenance,maintenance_backlog,maintenance_backlog,,True,True,True,True,False,False,False,True,121,high,draft
DE-TDD-18-026,2.7.0,1.8.0,de,germany_residential,18,CAPEX & Wartungsstau,Wartungs- und Instandhaltungsstau,WS-10,Wartungsstau PV-Anlage / Speicher erfassen.,capex,pv_storage_maintenance,maintenance_backlog,maintenance_backlog,,True,True,True,True,False,False,False,True,121,high,draft
DE-TDD-18-027,2.7.0,1.8.0,de,germany_residential,18,CAPEX & Wartungsstau,CAPEX-Planung nach Zeithorizont,CAPEX-01,CAPEX-Zeithorizont Sofort < 6 Monate erfassen: Sicherheits- / Funktionsmängel und Wartungsrückstand.,capex,immediate_capex,capex_planning,capex_horizon,,True,True,True,True,False,False,False,True,121,high,draft
DE-TDD-18-028,2.7.0,1.8.0,de,germany_residential,18,CAPEX & Wartungsstau,CAPEX-Planung nach Zeithorizont,CAPEX-02,"CAPEX-Zeithorizont Kurzfristig 6 bis 24 Monate erfassen: Gebrauchsmängel, Wartungsstau und Risikobauteile.",capex,short_term_capex,capex_planning,capex_horizon,,True,True,True,True,False,False,False,True,121,high,draft
DE-TDD-18-029,2.7.0,1.8.0,de,germany_residential,18,CAPEX & Wartungsstau,CAPEX-Planung nach Zeithorizont,CAPEX-03,CAPEX-Zeithorizont Mittelfristig 2 bis 5 Jahre erfassen: Bauteile am Ende der Lebensdauer.,capex,mid_term_capex,capex_planning,capex_horizon,,True,True,True,True,False,False,False,True,121,high,draft
DE-TDD-18-030,2.7.0,1.8.0,de,germany_residential,18,CAPEX & Wartungsstau,CAPEX-Planung nach Zeithorizont,CAPEX-04,"CAPEX-Zeithorizont Langfristig 5 bis 15 Jahre erfassen: strategische Modernisierung von Hülle, Heizung und Elektrik.",capex,long_term_capex,capex_planning,capex_horizon,,True,True,True,True,False,False,False,True,121,high,draft
DE-TDD-18-031,2.7.0,1.8.0,de,germany_residential,18,CAPEX & Wartungsstau,CAPEX-Planung nach Zeithorizont,CAPEX-05,Gesamt-CAPEX über alle Zeithorizonte erfassen.,capex,total_capex,capex_planning,capex_horizon,,True,True,True,True,False,False,False,True,121,high,draft
DE-TDD-19-001,2.7.0,1.9.0,de,germany_residential,19,Bereichs-Bewertungsmatrix,Verdichtete Einzelbewertung aller geprüften Gebäudebereiche,01,"Bereichsbewertung für Stammdaten & Objektaufnahme: gut/unauffällig, mittel, modernisiert, weiterer Prüfbedarf oder kritisch auswählen und Schwerpunkt/Bemerkung erfassen.",rating_matrix,object_intake,object_data,area_rating_matrix,,True,True,True,True,False,False,False,False,122,high,draft
DE-TDD-19-002,2.7.0,1.9.0,de,germany_residential,19,Bereichs-Bewertungsmatrix,Verdichtete Einzelbewertung aller geprüften Gebäudebereiche,02,"Bereichsbewertung für Außenbereich & Grundstück: gut/unauffällig, mittel, modernisiert, weiterer Prüfbedarf oder kritisch auswählen und Schwerpunkt/Bemerkung erfassen.",rating_matrix,site_external,site_external,area_rating_matrix,,True,True,True,True,False,False,False,False,122,high,draft
DE-TDD-19-003,2.7.0,1.9.0,de,germany_residential,19,Bereichs-Bewertungsmatrix,Verdichtete Einzelbewertung aller geprüften Gebäudebereiche,03,"Bereichsbewertung für Dach & Dachentwässerung: gut/unauffällig, mittel, modernisiert, weiterer Prüfbedarf oder kritisch auswählen und Schwerpunkt/Bemerkung erfassen.",rating_matrix,roof,roof,area_rating_matrix,,True,True,True,True,False,False,False,False,122,high,draft
DE-TDD-19-004,2.7.0,1.9.0,de,germany_residential,19,Bereichs-Bewertungsmatrix,Verdichtete Einzelbewertung aller geprüften Gebäudebereiche,04,"Bereichsbewertung für Fassade & Außenwände: gut/unauffällig, mittel, modernisiert, weiterer Prüfbedarf oder kritisch auswählen und Schwerpunkt/Bemerkung erfassen.",rating_matrix,facade,facade,area_rating_matrix,,True,True,True,True,False,False,False,False,122,high,draft
DE-TDD-19-005,2.7.0,1.9.0,de,germany_residential,19,Bereichs-Bewertungsmatrix,Verdichtete Einzelbewertung aller geprüften Gebäudebereiche,05,"Bereichsbewertung für Fenster & Außentüren: gut/unauffällig, mittel, modernisiert, weiterer Prüfbedarf oder kritisch auswählen und Schwerpunkt/Bemerkung erfassen.",rating_matrix,windows_doors,windows_doors,area_rating_matrix,,True,True,True,True,False,False,False,False,122,high,draft
DE-TDD-19-006,2.7.0,1.9.0,de,germany_residential,19,Bereichs-Bewertungsmatrix,Verdichtete Einzelbewertung aller geprüften Gebäudebereiche,06,"Bereichsbewertung für Keller & Abdichtung: gut/unauffällig, mittel, modernisiert, weiterer Prüfbedarf oder kritisch auswählen und Schwerpunkt/Bemerkung erfassen.",rating_matrix,basement_waterproofing,basement_waterproofing,area_rating_matrix,,True,True,True,True,False,False,False,False,122,high,draft
DE-TDD-19-007,2.7.0,1.9.0,de,germany_residential,19,Bereichs-Bewertungsmatrix,Verdichtete Einzelbewertung aller geprüften Gebäudebereiche,07,"Bereichsbewertung für Innenwände, Decken, Böden: gut/unauffällig, mittel, modernisiert, weiterer Prüfbedarf oder kritisch auswählen und Schwerpunkt/Bemerkung erfassen.",rating_matrix,interior,interior,area_rating_matrix,,True,True,True,True,False,False,False,False,122,high,draft
DE-TDD-19-008,2.7.0,1.9.0,de,germany_residential,19,Bereichs-Bewertungsmatrix,Verdichtete Einzelbewertung aller geprüften Gebäudebereiche,08,"Bereichsbewertung für Sanitär & Entwässerung: gut/unauffällig, mittel, modernisiert, weiterer Prüfbedarf oder kritisch auswählen und Schwerpunkt/Bemerkung erfassen.",rating_matrix,plumbing_drainage,plumbing_drainage,area_rating_matrix,,True,True,True,True,False,False,False,False,122,high,draft
DE-TDD-19-009,2.7.0,1.9.0,de,germany_residential,19,Bereichs-Bewertungsmatrix,Verdichtete Einzelbewertung aller geprüften Gebäudebereiche,09,"Bereichsbewertung für Heizung & Warmwasser: gut/unauffällig, mittel, modernisiert, weiterer Prüfbedarf oder kritisch auswählen und Schwerpunkt/Bemerkung erfassen.",rating_matrix,heating_hot_water,heating_hot_water,area_rating_matrix,,True,True,True,True,False,False,False,False,122,high,draft
DE-TDD-19-010,2.7.0,1.9.0,de,germany_residential,19,Bereichs-Bewertungsmatrix,Verdichtete Einzelbewertung aller geprüften Gebäudebereiche,10,"Bereichsbewertung für Elektroinstallation: gut/unauffällig, mittel, modernisiert, weiterer Prüfbedarf oder kritisch auswählen und Schwerpunkt/Bemerkung erfassen.",rating_matrix,electrical,electrical,area_rating_matrix,,True,True,True,True,False,False,False,False,122,high,draft
DE-TDD-19-011,2.7.0,1.9.0,de,germany_residential,19,Bereichs-Bewertungsmatrix,Verdichtete Einzelbewertung aller geprüften Gebäudebereiche,11,"Bereichsbewertung für Energetischer Zustand: gut/unauffällig, mittel, modernisiert, weiterer Prüfbedarf oder kritisch auswählen und Schwerpunkt/Bemerkung erfassen.",rating_matrix,energy,energy,area_rating_matrix,,True,True,True,True,False,False,False,False,122,high,draft
DE-TDD-19-012,2.7.0,1.9.0,de,germany_residential,19,Bereichs-Bewertungsmatrix,Verdichtete Einzelbewertung aller geprüften Gebäudebereiche,12,"Bereichsbewertung für Brandschutz & Sicherheit: gut/unauffällig, mittel, modernisiert, weiterer Prüfbedarf oder kritisch auswählen und Schwerpunkt/Bemerkung erfassen.",rating_matrix,fire_safety,fire_safety,area_rating_matrix,,True,True,True,True,False,False,False,False,122,high,draft
DE-TDD-19-013,2.7.0,1.9.0,de,germany_residential,19,Bereichs-Bewertungsmatrix,Verdichtete Einzelbewertung aller geprüften Gebäudebereiche,13,"Bereichsbewertung für Schimmel & Feuchte: gut/unauffällig, mittel, modernisiert, weiterer Prüfbedarf oder kritisch auswählen und Schwerpunkt/Bemerkung erfassen.",rating_matrix,moisture_mould,moisture_mould,area_rating_matrix,,True,True,True,True,False,False,False,False,122,high,draft
DE-TDD-19-014,2.7.0,1.9.0,de,germany_residential,19,Bereichs-Bewertungsmatrix,Verdichtete Einzelbewertung aller geprüften Gebäudebereiche,14,"Bereichsbewertung für Spezial ETW (falls zutreffend): gut/unauffällig, mittel, modernisiert, weiterer Prüfbedarf oder kritisch auswählen und Schwerpunkt/Bemerkung erfassen.",rating_matrix,condominium,condominium,area_rating_matrix,,True,True,True,True,False,False,False,False,122,high,draft
DE-TDD-19-015,2.7.0,1.9.0,de,germany_residential,19,Bereichs-Bewertungsmatrix,Verdichtete Einzelbewertung aller geprüften Gebäudebereiche,15,"Bereichsbewertung für Spezial EFH (falls zutreffend): gut/unauffällig, mittel, modernisiert, weiterer Prüfbedarf oder kritisch auswählen und Schwerpunkt/Bemerkung erfassen.",rating_matrix,single_family_house,single_family_house,area_rating_matrix,,True,True,True,True,False,False,False,False,122,high,draft
DE-TDD-20-D-001,2.7.0,2.0.0,de,germany_residential,20,Mängelliste & Executive Summary,Mängelliste,01,"Mängelliste Eintrag 01: Priorität, Mangel/Befund, Lage/Bauteil, Foto, Quelle/Liste, Kostenrahmen, Dringlichkeit und Empfehlung erfassen.",executive_summary,defect_list_item,defect_register,defect_register_item,,True,True,True,True,True,True,True,True,123,high,draft
DE-TDD-20-D-002,2.7.0,2.0.0,de,germany_residential,20,Mängelliste & Executive Summary,Mängelliste,02,"Mängelliste Eintrag 02: Priorität, Mangel/Befund, Lage/Bauteil, Foto, Quelle/Liste, Kostenrahmen, Dringlichkeit und Empfehlung erfassen.",executive_summary,defect_list_item,defect_register,defect_register_item,,True,True,True,True,True,True,True,True,123,high,draft
DE-TDD-20-D-003,2.7.0,2.0.0,de,germany_residential,20,Mängelliste & Executive Summary,Mängelliste,03,"Mängelliste Eintrag 03: Priorität, Mangel/Befund, Lage/Bauteil, Foto, Quelle/Liste, Kostenrahmen, Dringlichkeit und Empfehlung erfassen.",executive_summary,defect_list_item,defect_register,defect_register_item,,True,True,True,True,True,True,True,True,123,high,draft
DE-TDD-20-D-004,2.7.0,2.0.0,de,germany_residential,20,Mängelliste & Executive Summary,Mängelliste,04,"Mängelliste Eintrag 04: Priorität, Mangel/Befund, Lage/Bauteil, Foto, Quelle/Liste, Kostenrahmen, Dringlichkeit und Empfehlung erfassen.",executive_summary,defect_list_item,defect_register,defect_register_item,,True,True,True,True,True,True,True,True,123,high,draft
DE-TDD-20-D-005,2.7.0,2.0.0,de,germany_residential,20,Mängelliste & Executive Summary,Mängelliste,05,"Mängelliste Eintrag 05: Priorität, Mangel/Befund, Lage/Bauteil, Foto, Quelle/Liste, Kostenrahmen, Dringlichkeit und Empfehlung erfassen.",executive_summary,defect_list_item,defect_register,defect_register_item,,True,True,True,True,True,True,True,True,123,high,draft
DE-TDD-20-D-006,2.7.0,2.0.0,de,germany_residential,20,Mängelliste & Executive Summary,Mängelliste,06,"Mängelliste Eintrag 06: Priorität, Mangel/Befund, Lage/Bauteil, Foto, Quelle/Liste, Kostenrahmen, Dringlichkeit und Empfehlung erfassen.",executive_summary,defect_list_item,defect_register,defect_register_item,,True,True,True,True,True,True,True,True,123,high,draft
DE-TDD-20-D-007,2.7.0,2.0.0,de,germany_residential,20,Mängelliste & Executive Summary,Mängelliste,07,"Mängelliste Eintrag 07: Priorität, Mangel/Befund, Lage/Bauteil, Foto, Quelle/Liste, Kostenrahmen, Dringlichkeit und Empfehlung erfassen.",executive_summary,defect_list_item,defect_register,defect_register_item,,True,True,True,True,True,True,True,True,123,high,draft
DE-TDD-20-D-008,2.7.0,2.0.0,de,germany_residential,20,Mängelliste & Executive Summary,Mängelliste,08,"Mängelliste Eintrag 08: Priorität, Mangel/Befund, Lage/Bauteil, Foto, Quelle/Liste, Kostenrahmen, Dringlichkeit und Empfehlung erfassen.",executive_summary,defect_list_item,defect_register,defect_register_item,,True,True,True,True,True,True,True,True,123,high,draft
DE-TDD-20-D-009,2.7.0,2.0.0,de,germany_residential,20,Mängelliste & Executive Summary,Mängelliste,09,"Mängelliste Eintrag 09: Priorität, Mangel/Befund, Lage/Bauteil, Foto, Quelle/Liste, Kostenrahmen, Dringlichkeit und Empfehlung erfassen.",executive_summary,defect_list_item,defect_register,defect_register_item,,True,True,True,True,True,True,True,True,123,high,draft
DE-TDD-20-D-010,2.7.0,2.0.0,de,germany_residential,20,Mängelliste & Executive Summary,Mängelliste,10,"Mängelliste Eintrag 10: Priorität, Mangel/Befund, Lage/Bauteil, Foto, Quelle/Liste, Kostenrahmen, Dringlichkeit und Empfehlung erfassen.",executive_summary,defect_list_item,defect_register,defect_register_item,,True,True,True,True,True,True,True,True,123,high,draft
DE-TDD-20-D-011,2.7.0,2.0.0,de,germany_residential,20,Mängelliste & Executive Summary,Mängelliste,11,"Mängelliste Eintrag 11: Priorität, Mangel/Befund, Lage/Bauteil, Foto, Quelle/Liste, Kostenrahmen, Dringlichkeit und Empfehlung erfassen.",executive_summary,defect_list_item,defect_register,defect_register_item,,True,True,True,True,True,True,True,True,123,high,draft
DE-TDD-20-D-012,2.7.0,2.0.0,de,germany_residential,20,Mängelliste & Executive Summary,Mängelliste,12,"Mängelliste Eintrag 12: Priorität, Mangel/Befund, Lage/Bauteil, Foto, Quelle/Liste, Kostenrahmen, Dringlichkeit und Empfehlung erfassen.",executive_summary,defect_list_item,defect_register,defect_register_item,,True,True,True,True,True,True,True,True,123,high,draft
DE-TDD-20-D-013,2.7.0,2.0.0,de,germany_residential,20,Mängelliste & Executive Summary,Mängelliste,13,"Mängelliste Eintrag 13: Priorität, Mangel/Befund, Lage/Bauteil, Foto, Quelle/Liste, Kostenrahmen, Dringlichkeit und Empfehlung erfassen.",executive_summary,defect_list_item,defect_register,defect_register_item,,True,True,True,True,True,True,True,True,123,high,draft
DE-TDD-20-D-014,2.7.0,2.0.0,de,germany_residential,20,Mängelliste & Executive Summary,Mängelliste,14,"Mängelliste Eintrag 14: Priorität, Mangel/Befund, Lage/Bauteil, Foto, Quelle/Liste, Kostenrahmen, Dringlichkeit und Empfehlung erfassen.",executive_summary,defect_list_item,defect_register,defect_register_item,,True,True,True,True,True,True,True,True,123,high,draft
DE-TDD-20-D-015,2.7.0,2.0.0,de,germany_residential,20,Mängelliste & Executive Summary,Mängelliste,15,"Mängelliste Eintrag 15: Priorität, Mangel/Befund, Lage/Bauteil, Foto, Quelle/Liste, Kostenrahmen, Dringlichkeit und Empfehlung erfassen.",executive_summary,defect_list_item,defect_register,defect_register_item,,True,True,True,True,True,True,True,True,123,high,draft
DE-TDD-20-D-016,2.7.0,2.0.0,de,germany_residential,20,Mängelliste & Executive Summary,Mängelliste,16,"Mängelliste Eintrag 16: Priorität, Mangel/Befund, Lage/Bauteil, Foto, Quelle/Liste, Kostenrahmen, Dringlichkeit und Empfehlung erfassen.",executive_summary,defect_list_item,defect_register,defect_register_item,,True,True,True,True,True,True,True,True,123,high,draft
DE-TDD-20-D-017,2.7.0,2.0.0,de,germany_residential,20,Mängelliste & Executive Summary,Mängelliste,17,"Mängelliste Eintrag 17: Priorität, Mangel/Befund, Lage/Bauteil, Foto, Quelle/Liste, Kostenrahmen, Dringlichkeit und Empfehlung erfassen.",executive_summary,defect_list_item,defect_register,defect_register_item,,True,True,True,True,True,True,True,True,123,high,draft
DE-TDD-20-D-018,2.7.0,2.0.0,de,germany_residential,20,Mängelliste & Executive Summary,Mängelliste,18,"Mängelliste Eintrag 18: Priorität, Mangel/Befund, Lage/Bauteil, Foto, Quelle/Liste, Kostenrahmen, Dringlichkeit und Empfehlung erfassen.",executive_summary,defect_list_item,defect_register,defect_register_item,,True,True,True,True,True,True,True,True,124,high,draft
DE-TDD-20-D-019,2.7.0,2.0.0,de,germany_residential,20,Mängelliste & Executive Summary,Mängelliste,19,"Mängelliste Eintrag 19: Priorität, Mangel/Befund, Lage/Bauteil, Foto, Quelle/Liste, Kostenrahmen, Dringlichkeit und Empfehlung erfassen.",executive_summary,defect_list_item,defect_register,defect_register_item,,True,True,True,True,True,True,True,True,124,high,draft
DE-TDD-20-D-020,2.7.0,2.0.0,de,germany_residential,20,Mängelliste & Executive Summary,Mängelliste,20,"Mängelliste Eintrag 20: Priorität, Mangel/Befund, Lage/Bauteil, Foto, Quelle/Liste, Kostenrahmen, Dringlichkeit und Empfehlung erfassen.",executive_summary,defect_list_item,defect_register,defect_register_item,,True,True,True,True,True,True,True,True,124,high,draft
DE-TDD-20-D-021,2.7.0,2.0.0,de,germany_residential,20,Mängelliste & Executive Summary,Mängelliste,21,"Mängelliste Eintrag 21: Priorität, Mangel/Befund, Lage/Bauteil, Foto, Quelle/Liste, Kostenrahmen, Dringlichkeit und Empfehlung erfassen.",executive_summary,defect_list_item,defect_register,defect_register_item,,True,True,True,True,True,True,True,True,124,high,draft
DE-TDD-20-D-022,2.7.0,2.0.0,de,germany_residential,20,Mängelliste & Executive Summary,Mängelliste,22,"Mängelliste Eintrag 22: Priorität, Mangel/Befund, Lage/Bauteil, Foto, Quelle/Liste, Kostenrahmen, Dringlichkeit und Empfehlung erfassen.",executive_summary,defect_list_item,defect_register,defect_register_item,,True,True,True,True,True,True,True,True,124,high,draft
DE-TDD-20-D-023,2.7.0,2.0.0,de,germany_residential,20,Mängelliste & Executive Summary,Mängelliste,23,"Mängelliste Eintrag 23: Priorität, Mangel/Befund, Lage/Bauteil, Foto, Quelle/Liste, Kostenrahmen, Dringlichkeit und Empfehlung erfassen.",executive_summary,defect_list_item,defect_register,defect_register_item,,True,True,True,True,True,True,True,True,124,high,draft
DE-TDD-20-D-024,2.7.0,2.0.0,de,germany_residential,20,Mängelliste & Executive Summary,Mängelliste,24,"Mängelliste Eintrag 24: Priorität, Mangel/Befund, Lage/Bauteil, Foto, Quelle/Liste, Kostenrahmen, Dringlichkeit und Empfehlung erfassen.",executive_summary,defect_list_item,defect_register,defect_register_item,,True,True,True,True,True,True,True,True,124,high,draft
DE-TDD-20-D-025,2.7.0,2.0.0,de,germany_residential,20,Mängelliste & Executive Summary,Mängelliste,25,"Mängelliste Eintrag 25: Priorität, Mangel/Befund, Lage/Bauteil, Foto, Quelle/Liste, Kostenrahmen, Dringlichkeit und Empfehlung erfassen.",executive_summary,defect_list_item,defect_register,defect_register_item,,True,True,True,True,True,True,True,True,124,high,draft
DE-TDD-20-S-001,2.7.0,2.0.0,de,germany_residential,20,Mängelliste & Executive Summary,Gesamtzustand der Immobilie,OC-01,"Gesamtzustand sehr gut auswählen, wenn keine wesentlichen technischen Auffälligkeiten bestehen.",executive_summary,overall_condition_very_good,overall_condition,executive_summary_decision,,True,True,True,True,True,True,True,False,125,high,draft
DE-TDD-20-S-002,2.7.0,2.0.0,de,germany_residential,20,Mängelliste & Executive Summary,Gesamtzustand der Immobilie,OC-02,"Gesamtzustand gut auswählen, wenn nur geringfügige oder übliche altersbedingte Auffälligkeiten bestehen.",executive_summary,overall_condition_good,overall_condition,executive_summary_decision,,True,True,True,True,True,True,True,False,125,high,draft
DE-TDD-20-S-003,2.7.0,2.0.0,de,germany_residential,20,Mängelliste & Executive Summary,Gesamtzustand der Immobilie,OC-03,"Gesamtzustand durchschnittlich auswählen, wenn mehrere übliche Instandhaltungs- oder Modernisierungspunkte bestehen.",executive_summary,overall_condition_average,overall_condition,executive_summary_decision,,True,True,True,True,True,True,True,False,125,high,draft
DE-TDD-20-S-004,2.7.0,2.0.0,de,germany_residential,20,Mängelliste & Executive Summary,Gesamtzustand der Immobilie,OC-04,"Gesamtzustand sanierungsbedürftig auswählen, wenn erheblicher technischer Handlungsbedarf besteht.",executive_summary,overall_condition_needs_renovation,overall_condition,executive_summary_decision,,True,True,True,True,True,True,True,False,125,high,draft
DE-TDD-20-S-005,2.7.0,2.0.0,de,germany_residential,20,Mängelliste & Executive Summary,Gesamtzustand der Immobilie,OC-05,"Gesamtzustand kritisch auswählen, wenn schwerwiegende technische, sicherheitsrelevante oder strukturelle Befunde bestehen.",executive_summary,overall_condition_critical,overall_condition,executive_summary_decision,,True,True,True,True,True,True,True,False,125,high,draft
DE-TDD-20-S-006,2.7.0,2.0.0,de,germany_residential,20,Mängelliste & Executive Summary,Technischer Risikograd,RG-01,Technischen Risikograd niedrig erfassen: keine sicherheitsrelevanten Befunde.,executive_summary,risk_grade_low,technical_risk_grade,executive_summary_decision,,True,True,True,True,True,True,True,False,125,high,draft
DE-TDD-20-S-007,2.7.0,2.0.0,de,germany_residential,20,Mängelliste & Executive Summary,Technischer Risikograd,RG-02,"Technischen Risikograd moderat erfassen: einzelne Auffälligkeiten, kein Sofortbedarf.",executive_summary,risk_grade_moderate,technical_risk_grade,executive_summary_decision,,True,True,True,True,True,True,True,False,125,high,draft
DE-TDD-20-S-008,2.7.0,2.0.0,de,germany_residential,20,Mängelliste & Executive Summary,Technischer Risikograd,RG-03,"Technischen Risikograd erhöht erfassen: mehrere relevante Mängel, Fachprüfung empfohlen.",executive_summary,risk_grade_elevated,technical_risk_grade,executive_summary_decision,,True,True,True,True,True,True,True,False,125,high,draft
DE-TDD-20-S-009,2.7.0,2.0.0,de,germany_residential,20,Mängelliste & Executive Summary,Technischer Risikograd,RG-04,Technischen Risikograd hoch erfassen: sicherheitsrelevante oder strukturelle Befunde.,executive_summary,risk_grade_high,technical_risk_grade,executive_summary_decision,,True,True,True,True,True,True,True,False,125,high,draft
DE-TDD-20-S-010,2.7.0,2.0.0,de,germany_residential,20,Mängelliste & Executive Summary,Geschätzter technischer Instandhaltungsstau,MB-01,Summe des geschätzten technischen Instandhaltungsstaus erfassen.,executive_summary,maintenance_backlog_total,maintenance_backlog_summary,executive_summary_decision,,True,True,True,True,True,True,True,False,125,high,draft
DE-TDD-20-S-011,2.7.0,2.0.0,de,germany_residential,20,Mängelliste & Executive Summary,Geschätzter technischer Instandhaltungsstau,MB-02,Kurzfristigen Anteil des geschätzten technischen Instandhaltungsstaus unter 6 Monaten erfassen.,executive_summary,maintenance_backlog_short_term,maintenance_backlog_summary,executive_summary_decision,,True,True,True,True,True,True,True,False,125,high,draft
DE-TDD-20-S-012,2.7.0,2.0.0,de,germany_residential,20,Mängelliste & Executive Summary,Weiterer Fachprüfbedarf empfohlen,SR-01,Statische Begutachtung als weiteren Fachprüfbedarf markieren.,executive_summary,structural_engineering_review,specialist_review,executive_summary_decision,,True,True,True,True,True,True,True,False,125,high,draft
DE-TDD-20-S-013,2.7.0,2.0.0,de,germany_residential,20,Mängelliste & Executive Summary,Weiterer Fachprüfbedarf empfohlen,SR-02,Schadstoffanalyse für Asbest / KMF / PCB als weiteren Fachprüfbedarf markieren.,executive_summary,hazardous_material_analysis,specialist_review,executive_summary_decision,,True,True,True,True,True,True,True,False,125,high,draft
DE-TDD-20-S-014,2.7.0,2.0.0,de,germany_residential,20,Mängelliste & Executive Summary,Weiterer Fachprüfbedarf empfohlen,SR-03,Schimmelpilz-Mikrobiologie als weiteren Fachprüfbedarf markieren.,executive_summary,mould_microbiology,specialist_review,executive_summary_decision,,True,True,True,True,True,True,True,False,125,high,draft
DE-TDD-20-S-015,2.7.0,2.0.0,de,germany_residential,20,Mängelliste & Executive Summary,Weiterer Fachprüfbedarf empfohlen,SR-04,Feuchte- / Bohrkern-Analyse als weiteren Fachprüfbedarf markieren.,executive_summary,moisture_core_sample_analysis,specialist_review,executive_summary_decision,,True,True,True,True,True,True,True,False,125,high,draft
DE-TDD-20-S-016,2.7.0,2.0.0,de,germany_residential,20,Mängelliste & Executive Summary,Weiterer Fachprüfbedarf empfohlen,SR-05,Thermografie / Blower-Door als weiteren Fachprüfbedarf markieren.,executive_summary,thermography_blower_door,specialist_review,executive_summary_decision,,True,True,True,True,True,True,True,False,125,high,draft
DE-TDD-20-S-017,2.7.0,2.0.0,de,germany_residential,20,Mängelliste & Executive Summary,Weiterer Fachprüfbedarf empfohlen,SR-06,Elektro-Prüfung / E-Check als weiteren Fachprüfbedarf markieren.,executive_summary,electrical_e_check,specialist_review,executive_summary_decision,,True,True,True,True,True,True,True,False,125,high,draft
DE-TDD-20-S-018,2.7.0,2.0.0,de,germany_residential,20,Mängelliste & Executive Summary,Weiterer Fachprüfbedarf empfohlen,SR-07,Heizungstechnische Prüfung als weiteren Fachprüfbedarf markieren.,executive_summary,heating_technical_review,specialist_review,executive_summary_decision,,True,True,True,True,True,True,True,False,125,high,draft
DE-TDD-20-S-019,2.7.0,2.0.0,de,germany_residential,20,Mängelliste & Executive Summary,Weiterer Fachprüfbedarf empfohlen,SR-08,Dachstatik-Prüfung als weiteren Fachprüfbedarf markieren.,executive_summary,roof_structural_review,specialist_review,executive_summary_decision,,True,True,True,True,True,True,True,False,125,high,draft
DE-TDD-20-S-020,2.7.0,2.0.0,de,germany_residential,20,Mängelliste & Executive Summary,Weiterer Fachprüfbedarf empfohlen,SR-09,Hydraulischen Abgleich als weiteren Fachprüfbedarf markieren.,executive_summary,hydraulic_balancing_review,specialist_review,executive_summary_decision,,True,True,True,True,True,True,True,False,125,high,draft
DE-TDD-20-S-021,2.7.0,2.0.0,de,germany_residential,20,Mängelliste & Executive Summary,Weiterer Fachprüfbedarf empfohlen,SR-10,Energieberatung BAFA / KfW als weiteren Fachprüfbedarf markieren.,executive_summary,energy_advisory_bafa_kfw,specialist_review,executive_summary_decision,,True,True,True,True,True,True,True,False,125,high,draft
DE-TDD-20-S-022,2.7.0,2.0.0,de,germany_residential,20,Mängelliste & Executive Summary,Ankaufsempfehlung des Sachverständigen,AR-01,Ankauf technisch vertretbar als Empfehlung auswählen.,executive_summary,purchase_technically_acceptable,purchase_recommendation,executive_summary_decision,,True,True,True,True,True,True,True,False,125,high,draft
DE-TDD-20-S-023,2.7.0,2.0.0,de,germany_residential,20,Mängelliste & Executive Summary,Ankaufsempfehlung des Sachverständigen,AR-02,Ankauf nur mit Preisabschlag als Empfehlung auswählen.,executive_summary,purchase_with_price_discount,purchase_recommendation,executive_summary_decision,,True,True,True,True,True,True,True,False,125,high,draft
DE-TDD-20-S-024,2.7.0,2.0.0,de,germany_residential,20,Mängelliste & Executive Summary,Ankaufsempfehlung des Sachverständigen,AR-03,Weitere Fachprüfung erforderlich als Empfehlung auswählen.,executive_summary,purchase_requires_specialist_review,purchase_recommendation,executive_summary_decision,,True,True,True,True,True,True,True,False,125,high,draft
DE-TDD-20-S-025,2.7.0,2.0.0,de,germany_residential,20,Mängelliste & Executive Summary,Ankaufsempfehlung des Sachverständigen,AR-04,Ankauf technisch kritisch als Empfehlung auswählen.,executive_summary,purchase_technically_critical,purchase_recommendation,executive_summary_decision,,True,True,True,True,True,True,True,False,125,high,draft
DE-TDD-20-S-026,2.7.0,2.0.0,de,germany_residential,20,Mängelliste & Executive Summary,Zusammenfassende fachliche Stellungnahme,SG-01,Zusammenfassende fachliche Stellungnahme erfassen.,executive_summary,expert_summary_statement,report_statement,executive_summary_decision,,True,True,True,True,True,True,True,False,125,high,draft
DE-TDD-20-S-027,2.7.0,2.0.0,de,germany_residential,20,Mängelliste & Executive Summary,Unterschriften / Anwesenheit,SG-02,Sachverständiger: Unterschrift / Datum erfassen.,executive_summary,surveyor_signature_date,signatures_attendance,executive_summary_decision,,True,True,True,True,True,True,True,False,125,high,draft
DE-TDD-20-S-028,2.7.0,2.0.0,de,germany_residential,20,Mängelliste & Executive Summary,Unterschriften / Anwesenheit,SG-03,Auftraggeber: Unterschrift / Datum erfassen.,executive_summary,client_signature_date,signatures_attendance,executive_summary_decision,,True,True,True,True,True,True,True,False,125,high,draft
DE-TDD-20-S-029,2.7.0,2.0.0,de,germany_residential,20,Mängelliste & Executive Summary,Unterschriften / Anwesenheit,SG-04,Verkäufer anwesend: Unterschrift / Datum erfassen.,executive_summary,seller_attendance_signature,signatures_attendance,executive_summary_decision,,True,True,True,True,True,True,True,False,125,high,draft
DE-TDD-20-S-030,2.7.0,2.0.0,de,germany_residential,20,Mängelliste & Executive Summary,Unterschriften / Anwesenheit,SG-05,Makler anwesend: Unterschrift / Datum erfassen.,executive_summary,agent_attendance_signature,signatures_attendance,executive_summary_decision,,True,True,True,True,True,True,True,False,125,high,draft
DE-TDD-03-030,2.7.0,2.3.0,de,germany_residential,03,Dach & Dachentwässerung,Schornstein / Durchdringungen,30,Schornsteinfeger-Bescheinigung aktuell,roof,chimney_sweeper_certificate_current,chimney_penetrations,checklist_rating,1. BImSchV,True,True,True,True,False,False,False,True,16,verified_from_pdf_gap_closure,draft
DE-TDD-03-031,2.7.0,2.3.0,de,germany_residential,03,Dach & Dachentwässerung,Schornstein / Durchdringungen,31,Antennen- / SAT- / PV-Durchdringungen dicht,roof,antenna_sat_pv_penetrations_tight,chimney_penetrations,checklist_rating,,True,True,True,True,False,False,False,True,16,verified_from_pdf_gap_closure,draft
DE-TDD-03-032,2.7.0,2.3.0,de,germany_residential,03,Dach & Dachentwässerung,Schornstein / Durchdringungen,32,Lüfterziegel / Entlüftungen funktionsfähig,roof,vent_tiles_roof_vents_functional,chimney_penetrations,checklist_rating,,True,True,True,True,False,False,False,True,16,verified_from_pdf_gap_closure,draft
DE-TDD-03-033,2.7.0,2.3.0,de,germany_residential,03,Dach & Dachentwässerung,PV-Anlage auf Dach,33,PV-Anlage fachgerecht montiert und befestigt,roof,pv_roof_mounting_fixing,pv_roof_installation,checklist_rating,DIN EN 1991-1-4,True,True,True,True,False,False,False,True,16,verified_from_pdf_gap_closure,draft
DE-TDD-03-034,2.7.0,2.3.0,de,germany_residential,03,Dach & Dachentwässerung,PV-Anlage auf Dach,34,PV-Anlage fachgerecht geerdet / Potentialausgleich,roof,pv_roof_earthing_equipotential_bonding,pv_roof_installation,checklist_rating,DIN EN 62305 / VDE 0185,True,True,True,True,False,False,False,True,16,verified_from_pdf_gap_closure,draft
DE-TDD-03-035,2.7.0,2.3.0,de,germany_residential,03,Dach & Dachentwässerung,PV-Anlage auf Dach,35,"Verkabelung schadensfrei, kein Marderfraß",roof,pv_roof_cabling_damage_marten,pv_roof_installation,checklist_rating,,True,True,True,True,False,False,False,True,16,verified_from_pdf_gap_closure,draft
DE-TDD-12-006,2.7.0,2.3.0,de,germany_residential,12,Brandschutz & Sicherheit,Rauchwarnmelder,06,Vernetzung der Melder (empfohlen),fire_safety,smoke_alarm_networking,smoke_alarms,checklist_rating,,True,True,True,True,False,False,False,True,80,verified_from_pdf_gap_closure,draft
DE-TDD-12-007,2.7.0,2.3.0,de,germany_residential,12,Brandschutz & Sicherheit,Rauchwarnmelder,07,Inspektion gemäß DIN 14676 (jährlich),fire_safety,smoke_alarm_annual_inspection,smoke_alarms,checklist_rating,DIN 14676,True,True,True,True,False,False,False,True,80,verified_from_pdf_gap_closure,draft
DE-TDD-12-008,2.7.0,2.3.0,de,germany_residential,12,Brandschutz & Sicherheit,Rauchwarnmelder,08,Batteriestand / 10-Jahres-Melder,fire_safety,smoke_alarm_battery_10_year_detector,smoke_alarms,checklist_rating,,True,True,True,True,False,False,False,True,80,verified_from_pdf_gap_closure,draft
DE-TDD-12-009,2.7.0,2.3.0,de,germany_residential,12,Brandschutz & Sicherheit,Flucht- und Rettungswege,09,Erster Rettungsweg (notwendige Treppe),fire_safety,first_escape_route_required_staircase,escape_routes_fire_access,checklist_rating,MBO § 33 / LBO,True,True,True,True,False,False,False,True,80,verified_from_pdf_gap_closure,draft
DE-TDD-12-010,2.7.0,2.3.0,de,germany_residential,12,Brandschutz & Sicherheit,Flucht- und Rettungswege,10,Zweiter Rettungsweg vorhanden (Fenster anleiterbar),fire_safety,second_escape_route_ladder_accessible_window,escape_routes_fire_access,checklist_rating,MBO § 33 / LBO,True,True,True,True,False,False,False,True,80,verified_from_pdf_gap_closure,draft
DE-TDD-12-011,2.7.0,2.3.0,de,germany_residential,12,Brandschutz & Sicherheit,Flucht- und Rettungswege,11,"Fluchtfenster: lichte Maße ≥ 0,90 × 1,20 m",fire_safety,escape_window_clear_dimensions,escape_routes_fire_access,checklist_rating,MBO § 35 / LBO,True,True,True,True,False,False,False,True,80,verified_from_pdf_gap_closure,draft
DE-TDD-13-035,2.7.0,2.3.0,de,germany_residential,13,Schimmel & Feuchte,Ursachenbetrachtung,35,Aufsteigende Feuchte aus Keller,moisture_mould,rising_damp_from_basement,cause_analysis,checklist_rating,,True,True,True,True,False,False,False,True,94,verified_from_pdf_gap_closure,draft
DE-TDD-13-036,2.7.0,2.3.0,de,germany_residential,13,Schimmel & Feuchte,Ursachenbetrachtung,36,Wasserschaden (alt / akut),moisture_mould,water_damage_old_or_acute,cause_analysis,checklist_rating,,True,True,True,True,False,False,False,True,94,verified_from_pdf_gap_closure,draft
DE-TDD-13-037,2.7.0,2.3.0,de,germany_residential,13,Schimmel & Feuchte,Ursachenbetrachtung,37,Wärmebrücke führt zu Tauwasser,moisture_mould,thermal_bridge_causes_condensation,cause_analysis,checklist_rating,DIN 4108-2,True,True,True,True,False,False,False,True,94,verified_from_pdf_gap_closure,draft
DE-TDD-13-038,2.7.0,2.3.0,de,germany_residential,13,Schimmel & Feuchte,Ursachenbetrachtung,38,Möblierung an Außenwand zu eng (< 5 cm Abstand),moisture_mould,furniture_too_close_external_wall,cause_analysis,checklist_rating,,True,True,True,True,False,False,False,True,94,verified_from_pdf_gap_closure,draft
DE-TDD-13-039,2.7.0,2.3.0,de,germany_residential,13,Schimmel & Feuchte,Typische Problemstellen,39,Schlafzimmer-Außenwand hinter Bett,moisture_mould,bedroom_external_wall_behind_bed,typical_risk_zones,checklist_rating,,True,True,True,True,False,False,False,True,94,verified_from_pdf_gap_closure,draft
DE-TDD-13-040,2.7.0,2.3.0,de,germany_residential,13,Schimmel & Feuchte,Typische Problemstellen,40,Fensterlaibung Erdgeschoss,moisture_mould,ground_floor_window_reveal,typical_risk_zones,checklist_rating,,True,True,True,True,False,False,False,True,94,verified_from_pdf_gap_closure,draft
DE-TDD-07-001,2.7.0,2.5.0,de,germany_residential,07,"Innenwände, Decken, Böden",Wände innen,01,Wandaufbau (Massiv / Trockenbau / Mischbau),interior,internal_wall_construction,internal_walls,checklist_rating,,True,True,True,True,False,False,False,True,31,verified_from_pdf_gap_closure,draft
DE-TDD-07-002,2.7.0,2.5.0,de,germany_residential,07,"Innenwände, Decken, Böden",Wände innen,02,"Risse: Lage, Verlauf, Breite (mm)",interior,internal_wall_cracks_location_width,internal_walls,checklist_rating,DIN 18202,True,True,True,True,False,False,False,True,31,verified_from_pdf_gap_closure,draft
DE-TDD-07-003,2.7.0,2.5.0,de,germany_residential,07,"Innenwände, Decken, Böden",Wände innen,03,Putzqualität (Q1 / Q2 / Q3 / Q4),interior,plaster_quality_level,internal_walls,checklist_rating,DIN 18550,True,True,True,True,False,False,False,True,31,verified_from_pdf_gap_closure,draft
DE-TDD-07-004,2.7.0,2.5.0,de,germany_residential,07,"Innenwände, Decken, Böden",Wände innen,04,Tapeten / Anstrich: Schadbilder,interior,wallpaper_paint_damage_patterns,internal_walls,checklist_rating,,True,True,True,True,False,False,False,True,31,verified_from_pdf_gap_closure,draft
DE-TDD-07-005,2.7.0,2.5.0,de,germany_residential,07,"Innenwände, Decken, Böden",Wände innen,05,"Feuchteschäden, Stockflecken",interior,moisture_damage_mildew_stains,internal_walls,checklist_rating,,True,True,True,True,False,False,False,True,31,verified_from_pdf_gap_closure,draft
DE-TDD-11-012,2.7.0,2.5.0,de,germany_residential,11,Energetischer Zustand,U-Werte / Bauteilqualität,12,U-Wert Außenwand plausibel,energy,external_wall_u_value,u_values_component_quality,checklist_rating,GEG,True,True,True,True,False,False,False,True,74,verified_from_pdf_gap_closure,draft
DE-TDD-11-013,2.7.0,2.5.0,de,germany_residential,11,Energetischer Zustand,U-Werte / Bauteilqualität,13,U-Wert Dach / oberste Geschossdecke plausibel,energy,roof_top_floor_u_value,u_values_component_quality,checklist_rating,GEG,True,True,True,True,False,False,False,True,74,verified_from_pdf_gap_closure,draft
DE-TDD-11-014,2.7.0,2.5.0,de,germany_residential,11,Energetischer Zustand,U-Werte / Bauteilqualität,14,U-Wert Fenster / Verglasung plausibel,energy,window_glazing_u_value,u_values_component_quality,checklist_rating,GEG,True,True,True,True,False,False,False,True,74,verified_from_pdf_gap_closure,draft
DE-TDD-11-015,2.7.0,2.5.0,de,germany_residential,11,Energetischer Zustand,U-Werte / Bauteilqualität,15,U-Wert Kellerdecke / Bodenplatte plausibel,energy,basement_ceiling_ground_slab_u_value,u_values_component_quality,checklist_rating,GEG,True,True,True,True,False,False,False,True,74,verified_from_pdf_gap_closure,draft
DE-TDD-11-016,2.7.0,2.5.0,de,germany_residential,11,Energetischer Zustand,U-Werte / Bauteilqualität,16,Wärmebrücken pauschal / detailliert berücksichtigt,energy,thermal_bridge_allowance,u_values_component_quality,checklist_rating,DIN 4108 Beiblatt 2,True,True,True,True,False,False,False,True,74,verified_from_pdf_gap_closure,draft
DE-TDD-05-028,2.7.0,2.5.0,de,germany_residential,05,Fenster & Außentüren,Haustür / Nebeneingänge,28,RC-Klasse (mind. RC 2 empfohlen),windows_doors,resistance_class_front_door,external_doors,checklist_rating,DIN EN 1627,True,True,True,True,False,False,False,True,23,verified_from_pdf_gap_closure,draft
DE-TDD-05-029,2.7.0,2.5.0,de,germany_residential,05,Fenster & Außentüren,Haustür / Nebeneingänge,29,Schwelle: barrierefrei?,windows_doors,door_threshold_accessibility,external_doors,checklist_rating,DIN 18040,True,True,True,True,False,False,False,True,23,verified_from_pdf_gap_closure,draft
DE-TDD-05-030,2.7.0,2.5.0,de,germany_residential,05,Fenster & Außentüren,Haustür / Nebeneingänge,30,Türschließer / Türstopper,windows_doors,door_closer_door_stop,external_doors,checklist_rating,,True,True,True,True,False,False,False,True,23,verified_from_pdf_gap_closure,draft
DE-TDD-14-023,2.7.0,2.5.0,de,germany_residential,14,Spezial Eigentumswohnung,Wirtschaftsplan / Hausgeld,23,Aktueller Wirtschaftsplan vorhanden,condominium,current_budget_plan_available,condominium_budget_house_money,checklist_rating,WEG § 28,True,True,True,True,False,False,False,True,75,verified_from_pdf_gap_closure,draft
DE-TDD-14-024,2.7.0,2.5.0,de,germany_residential,14,Spezial Eigentumswohnung,Wirtschaftsplan / Hausgeld,24,Hausgeld monatlich (€),condominium,monthly_house_money_amount,condominium_budget_house_money,checklist_rating,,True,True,True,True,False,False,False,True,75,verified_from_pdf_gap_closure,draft
DE-TDD-14-025,2.7.0,2.5.0,de,germany_residential,14,Spezial Eigentumswohnung,Wirtschaftsplan / Hausgeld,25,Plausibilität der Kostenverteilung,condominium,cost_allocation_plausibility,condominium_budget_house_money,checklist_rating,,True,True,True,True,False,False,False,True,75,verified_from_pdf_gap_closure,draft
DE-TDD-14-026,2.7.0,2.5.0,de,germany_residential,14,Spezial Eigentumswohnung,Wirtschaftsplan / Hausgeld,26,Abrechnungen letzte 3 Jahre,condominium,annual_statements_last_three_years,condominium_budget_house_money,checklist_rating,,True,True,True,True,False,False,False,True,75,verified_from_pdf_gap_closure,draft
DE-TDD-14-027,2.7.0,2.5.0,de,germany_residential,14,Spezial Eigentumswohnung,Wirtschaftsplan / Hausgeld,27,Hausgeldrückstände einzelner Eigentümer,condominium,house_money_arrears_owners,condominium_budget_house_money,checklist_rating,,True,True,True,True,False,False,False,True,75,verified_from_pdf_gap_closure,draft
DE-TDD-14-028,2.7.0,2.5.0,de,germany_residential,14,Spezial Eigentumswohnung,Verwaltung,28,WEG-Verwalter benannt,condominium,property_manager_named,condominium_management,checklist_rating,WEG § 26,True,True,True,True,False,False,False,True,75,verified_from_pdf_gap_closure,draft
DE-TDD-14-029,2.7.0,2.5.0,de,germany_residential,14,Spezial Eigentumswohnung,Verwaltung,29,Verwaltervertrag eingesehen,condominium,management_contract_reviewed,condominium_management,checklist_rating,,True,True,True,True,False,False,False,True,75,verified_from_pdf_gap_closure,draft
DE-TDD-14-030,2.7.0,2.5.0,de,germany_residential,14,Spezial Eigentumswohnung,Verwaltung,30,Zertifizierter Verwalter (ab 2024),condominium,certified_property_manager,condominium_management,checklist_rating,WEG § 26a,True,True,True,True,False,False,False,True,75,verified_from_pdf_gap_closure,draft
